dataset_name,image_id,filename,source_path,patient_id,study_id,series_id,modality,slice_index,image_width,image_height,mode,channels,spacing,slice_thickness,scanner,windowing,preprocessing_status,label,label_kind,split,sha256,notes
ldctiqa,0000,0000.png,data/raw/ldctiqa/LDCTiqa_png/0000.png,,,,CT,,512,512,RGB,3,,,,350/40,raw,2.8,subjective_mos_0_4,,ef211226a87cfa017ee4a34c57a2894b1c6f16164af489cb5e1740402f125d8e,RGB with three identical channels (grayscale replicated)
ldctiqa,0001,0001.png,data/raw/ldctiqa/LDCTiqa_png/0001.png,,,,CT,,512,512,RGB,3,,,,350/40,raw,1.8,subjective_mos_0_4,,dc57ece23bea76b675015977c73aaca4e7fc9a505d23abb40923e709726e161f,RGB with three identical channels (grayscale replicated)
ldctiqa,0002,0002.png,data/raw/ldctiqa/LDCTiqa_png/0002.png,,,,CT,,512,512,RGB,3,,,,350/40,raw,3.4,subjective_mos_0_4,,c79b67b8e17831ee236cc201a6ac8332d46f6f3f14d79e45983b7d17404ac0d7,RGB with three identical channels (grayscale replicated)
ldctiqa,0003,0003.png,data/raw/ldctiqa/LDCTiqa_png/0003.png,,,,CT,,512,512,RGB,3,,,,350/40,raw,2.0,subjective_mos_0_4,,083d869477e7f1c813f3fe3a93cb07efb7cc901a6d947c064bc518880b7c0def,RGB with three identical channels (grayscale replicated)
ldctiqa,0004,0004.png,data/raw/ldctiqa/LDCTiqa_png/0004.png,,,,CT,,512,512,RGB,3,,,,350/40,raw,2.0,subjective_mos_0_4,,def8697fd7a9d08081fc0b8522e81460ea8ccf1e834bf0ca479bfc35b2b710a1,RGB with three identical channels (grayscale replicated)
ldctiqa,0005,0005.png,data/raw/ldctiqa/LDCTiqa_png/0005.png,,,,CT,,512,512,RGB,3,,,,350/40,raw,0.2,subjective_mos_0_4,,f55542f1ab34aa564f2a1ef592970c8a5c34f1f5b39d2a67f5bb1af5e55f8db2,RGB with three identical channels (grayscale replicated)
ldctiqa,0006,0006.png,data/raw/ldctiqa/LDCTiqa_png/0006.png,,,,CT,,512,512,RGB,3,,,,350/40,raw,0.6,subjective_mos_0_4,,4df81488bcff483f73e6f02becc1d384ca8135bca4e33214a0ee2d786766ec19,RGB with three identical channels (grayscale replicated)
ldctiqa,0007,0007.png,data/raw/ldctiqa/LDCTiqa_png/0007.png,,,,CT,,512,512,RGB,3,,,,350/40,raw,4.0,subjective_mos_0_4,,d0ccf6b88b18c15ec1c4a3bf9c8b35c930b169661a9880d45b0a2d0a3aaaa117,RGB with three identical channels (grayscale replicated)
ldctiqa,0008,0008.png,data/raw/ldctiqa/LDCTiqa_png/0008.png,,,,CT,,512,512,RGB,3,,,,350/40,raw,0.0,subjective_mos_0_4,,b0ba71806bd1ba8d5fa3f42a38beec8947ba04b3baf7cb9716516dcccea28543,RGB with three identical channels (grayscale replicated)
ldctiqa,0009,0009.png,data/raw/ldctiqa/LDCTiqa_png/0009.png,,,,CT,,512,512,RGB,3,,,,350/40,raw,1.6,subjective_mos_0_4,,8a08761b80143d7c64d7393188eadadce12fb7fbcaa655cd27809af880fe08c7,RGB with three identical channels (grayscale replicated)
ldctiqa,0010,0010.png,data/raw/ldctiqa/LDCTiqa_png/0010.png,,,,CT,,512,512,RGB,3,,,,350/40,raw,4.0,subjective_mos_0_4,,bec6054f2b8c4ba4f653692dcb9b598b528408a1cddb309ed1e13f1cfdfbade8,RGB with three identical channels (grayscale replicated)
ldctiqa,0011,0011.png,data/raw/ldctiqa/LDCTiqa_png/0011.png,,,,CT,,512,512,RGB,3,,,,350/40,raw,2.2,subjective_mos_0_4,,1ac5791bf4e85b00e6719bd9f2439bf8172540145acad1560aea88bbafd8058d,RGB with three identical channels (grayscale replicated)
ldctiqa,0012,0012.png,data/raw/ldctiqa/LDCTiqa_png/0012.png,,,,CT,,512,512,RGB,3,,,,350/40,raw,0.6,subjective_mos_0_4,,f761cbe4cc6a3b23ca9bf68ef41780725490bda5f467142b84b9053dc6746087,RGB with three identical channels (grayscale replicated)
ldctiqa,0013,0013.png,data/raw/ldctiqa/LDCTiqa_png/0013.png,,,,CT,,512,512,RGB,3,,,,350/40,raw,2.4,subjective_mos_0_4,,5b3ee44c562c5ac3bd4a231e98c03ffa729d36c4f24da57a157e5e8458284952,RGB with three identical channels (grayscale replicated)
ldctiqa,0014,0014.png,data/raw/ldctiqa/LDCTiqa_png/0014.png,,,,CT,,512,512,RGB,3,,,,350/40,raw,1.2,subjective_mos_0_4,,cf5e26070fb9d9f0f04e59f09e7f2b67fcfacf70967120159b7a5cef79f2f044,RGB with three identical channels (grayscale replicated)
ldctiqa,0015,0015.png,data/raw/ldctiqa/LDCTiqa_png/0015.png,,,,CT,,512,512,RGB,3,,,,350/40,raw,4.0,subjective_mos_0_4,,081db33818403e282773e80655f0d74916ecf16f37929c72e12489d1f1be8b97,RGB with three identical channels (grayscale replicated)
ldctiqa,0016,0016.png,data/raw/ldctiqa/LDCTiqa_png/0016.png,,,,CT,,512,512,RGB,3,,,,350/40,raw,2.0,subjective_mos_0_4,,d80f83bd87dd9cd7aebda9a5111236f7201b24c2457404f79599cbe2a8372cab,RGB with three identical channels (grayscale replicated)
ldctiqa,0017,0017.png,data/raw/ldctiqa/LDCTiqa_png/0017.png,,,,CT,,512,512,RGB,3,,,,350/40,raw,0.6,subjective_mos_0_4,,d53f64b97e015ab7e83660b6b3e3da0da4825b4cdcf9e6bbceb28022ecc9d28d,RGB with three identical channels (grayscale replicated)
ldctiqa,0018,0018.png,data/raw/ldctiqa/LDCTiqa_png/0018.png,,,,CT,,512,512,RGB,3,,,,350/40,raw,1.4,subjective_mos_0_4,,a8d441546f80b3711888b52cdb64c901bf115dec137422d943fa218637ead26e,RGB with three identical channels (grayscale replicated)
ldctiqa,0019,0019.png,data/raw/ldctiqa/LDCTiqa_png/0019.png,,,,CT,,512,512,RGB,3,,,,350/40,raw,3.6,subjective_mos_0_4,,806f10a7dbafdf34486ca07f3b4c87ec84057fa8d8599ec70d2c4daf4b9f334c,RGB with three identical channels (grayscale replicated)
ldctiqa,0020,0020.png,data/raw/ldctiqa/LDCTiqa_png/0020.png,,,,CT,,512,512,RGB,3,,,,350/40,raw,1.6,subjective_mos_0_4,,82a8a16e075e6e0895b90c4a94fe68289e9dac36c411e512eb3d55181d9c10c2,RGB with three identical channels (grayscale replicated)
ldctiqa,0021,0021.png,data/raw/ldctiqa/LDCTiqa_png/0021.png,,,,CT,,512,512,RGB,3,,,,350/40,raw,0.2,subjective_mos_0_4,,8e89c211ac1658001ae05b86166329641b975a7b2f50480539ae858f19e677d6,RGB with three identical channels (grayscale replicated)
ldctiqa,0022,0022.png,data/raw/ldctiqa/LDCTiqa_png/0022.png,,,,CT,,512,512,RGB,3,,,,350/40,raw,3.8,subjective_mos_0_4,,73961812ddd18bf0e73b1eaea6db117ee38dc6406adcf026ea846a927ab04859,RGB with three identical channels (grayscale replicated)
ldctiqa,0023,0023.png,data/raw/ldctiqa/LDCTiqa_png/0023.png,,,,CT,,512,512,RGB,3,,,,350/40,raw,2.2,subjective_mos_0_4,,c2f2648d62f69adc06e51597b1c440cde24ad1507c5f2a0a5e7730a4d44a397b,RGB with three identical channels (grayscale replicated)
ldctiqa,0024,0024.png,data/raw/ldctiqa/LDCTiqa_png/0024.png,,,,CT,,512,512,RGB,3,,,,350/40,raw,1.0,subjective_mos_0_4,,a62d28dbfe2c40c1482ec5d40df6bd474f8449616b7d41320abab52e81e2f2c9,RGB with three identical channels (grayscale replicated)
ldctiqa,0025,0025.png,data/raw/ldctiqa/LDCTiqa_png/0025.png,,,,CT,,512,512,RGB,3,,,,350/40,raw,3.8,subjective_mos_0_4,,32bc4d0bf6a86791566e294e6fa46207593b63013f4f5b53c6aa40d6ebf760f8,RGB with three identical channels (grayscale replicated)
ldctiqa,0026,0026.png,data/raw/ldctiqa/LDCTiqa_png/0026.png,,,,CT,,512,512,RGB,3,,,,350/40,raw,1.4,subjective_mos_0_4,,c34f79576c2c44750082f0329c2270b9ecaa634d141532e86f9dec88f5f5bba3,RGB with three identical channels (grayscale replicated)
ldctiqa,0027,0027.png,data/raw/ldctiqa/LDCTiqa_png/0027.png,,,,CT,,512,512,RGB,3,,,,350/40,raw,2.2,subjective_mos_0_4,,e77afc8e84bf4246fd0fe1d1c6e0041f77e4123663fd54ade36cffcce0b955bc,RGB with three identical channels (grayscale replicated)
ldctiqa,0028,0028.png,data/raw/ldctiqa/LDCTiqa_png/0028.png,,,,CT,,512,512,RGB,3,,,,350/40,raw,2.2,subjective_mos_0_4,,d3e001777a5f2f920245f2a8973d2effcf71921fb970cd325f343d29b706300d,RGB with three identical channels (grayscale replicated)
ldctiqa,0029,0029.png,data/raw/ldctiqa/LDCTiqa_png/0029.png,,,,CT,,512,512,RGB,3,,,,350/40,raw,0.4,subjective_mos_0_4,,1f18e6cd8275d098e2f9e81e71e692b0defde624bde1b3fe573c30f0dcdd7774,RGB with three identical channels (grayscale replicated)
ldctiqa,0030,0030.png,data/raw/ldctiqa/LDCTiqa_png/0030.png,,,,CT,,512,512,RGB,3,,,,350/40,raw,3.2,subjective_mos_0_4,,56e5ad46250e5fdb61b17d668410a87e686780a117d45f49da3206e656599041,RGB with three identical channels (grayscale replicated)
ldctiqa,0031,0031.png,data/raw/ldctiqa/LDCTiqa_png/0031.png,,,,CT,,512,512,RGB,3,,,,350/40,raw,1.8,subjective_mos_0_4,,80a1760c7aa47aef755681bdccb1b81d0e30a6af7d182e22667284f1295c83d7,RGB with three identical channels (grayscale replicated)
ldctiqa,0032,0032.png,data/raw/ldctiqa/LDCTiqa_png/0032.png,,,,CT,,512,512,RGB,3,,,,350/40,raw,1.8,subjective_mos_0_4,,36cc328280f0735685ee0b8560f8bb23773437eaa10ef61dfa266312374a8650,RGB with three identical channels (grayscale replicated)
ldctiqa,0033,0033.png,data/raw/ldctiqa/LDCTiqa_png/0033.png,,,,CT,,512,512,RGB,3,,,,350/40,raw,0.8,subjective_mos_0_4,,7d080bf59070447da95ee1059753d679ad207e4d794e97426047de228e27d7b5,RGB with three identical channels (grayscale replicated)
ldctiqa,0034,0034.png,data/raw/ldctiqa/LDCTiqa_png/0034.png,,,,CT,,512,512,RGB,3,,,,350/40,raw,1.6,subjective_mos_0_4,,0f8d73e5b96c7d8ad9afee3640a13eecc3a7f2d37e89d8a2c892c568c285c0f5,RGB with three identical channels (grayscale replicated)
ldctiqa,0035,0035.png,data/raw/ldctiqa/LDCTiqa_png/0035.png,,,,CT,,512,512,RGB,3,,,,350/40,raw,1.4,subjective_mos_0_4,,8ebb06d24b1e244c26669c7e2f1832a82187b1e380c8b7f67afa21f3a274dd87,RGB with three identical channels (grayscale replicated)
ldctiqa,0036,0036.png,data/raw/ldctiqa/LDCTiqa_png/0036.png,,,,CT,,512,512,RGB,3,,,,350/40,raw,1.0,subjective_mos_0_4,,ba0b8d3ebee444468fd8acfb0a7b6d6c5e606201e2f3e288f320d801eb35ff14,RGB with three identical channels (grayscale replicated)
ldctiqa,0037,0037.png,data/raw/ldctiqa/LDCTiqa_png/0037.png,,,,CT,,512,512,RGB,3,,,,350/40,raw,4.0,subjective_mos_0_4,,aacef7788d755bb0be647b3f043c7106991d56081aff098669423441386d6280,RGB with three identical channels (grayscale replicated)
ldctiqa,0038,0038.png,data/raw/ldctiqa/LDCTiqa_png/0038.png,,,,CT,,512,512,RGB,3,,,,350/40,raw,1.0,subjective_mos_0_4,,e4f7c850c7ebe6ac51ba4c437878b2e3a95fa95932a5bb6947275da4540b5741,RGB with three identical channels (grayscale replicated)
ldctiqa,0039,0039.png,data/raw/ldctiqa/LDCTiqa_png/0039.png,,,,CT,,512,512,RGB,3,,,,350/40,raw,1.8,subjective_mos_0_4,,1979ccb17726a1db2fe71633f2b09f8c7e01a111da2621b32de28ecc87d17ba3,RGB with three identical channels (grayscale replicated)
ldctiqa,0040,0040.png,data/raw/ldctiqa/LDCTiqa_png/0040.png,,,,CT,,512,512,RGB,3,,,,350/40,raw,1.6,subjective_mos_0_4,,fd93d2dd30b5c74e037def12e6f9c72f01075adfe1daed3aa1423cbcb2244bd6,RGB with three identical channels (grayscale replicated)
ldctiqa,0041,0041.png,data/raw/ldctiqa/LDCTiqa_png/0041.png,,,,CT,,512,512,RGB,3,,,,350/40,raw,2.8,subjective_mos_0_4,,793fdf4ac40b2bd229fa12870febc82c3fb3c4e64a25b2d66db7924a5cc91068,RGB with three identical channels (grayscale replicated)
ldctiqa,0042,0042.png,data/raw/ldctiqa/LDCTiqa_png/0042.png,,,,CT,,512,512,RGB,3,,,,350/40,raw,3.2,subjective_mos_0_4,,0ce230a7c604185661ba5ff857daec68dc654803cc07662a0e5aa55a41a58ac9,RGB with three identical channels (grayscale replicated)
ldctiqa,0043,0043.png,data/raw/ldctiqa/LDCTiqa_png/0043.png,,,,CT,,512,512,RGB,3,,,,350/40,raw,3.4,subjective_mos_0_4,,79def0bfb7f40bde49c9b1dd423708b5122a28f6581c548d27a5c6f9e08987f0,RGB with three identical channels (grayscale replicated)
ldctiqa,0044,0044.png,data/raw/ldctiqa/LDCTiqa_png/0044.png,,,,CT,,512,512,RGB,3,,,,350/40,raw,1.8,subjective_mos_0_4,,c789386960a99142989892548bc48f6026a6a8379400746e4cd27478744004c8,RGB with three identical channels (grayscale replicated)
ldctiqa,0045,0045.png,data/raw/ldctiqa/LDCTiqa_png/0045.png,,,,CT,,512,512,RGB,3,,,,350/40,raw,1.4,subjective_mos_0_4,,0928bceb7076d71fd9109779d4afafd2ac2124ba07cc3d2d5f7724ef68393fc1,RGB with three identical channels (grayscale replicated)
ldctiqa,0046,0046.png,data/raw/ldctiqa/LDCTiqa_png/0046.png,,,,CT,,512,512,RGB,3,,,,350/40,raw,0.6,subjective_mos_0_4,,98320a789dcce24becab1cd898fa2dda7468c54104add13984b605523b858b25,RGB with three identical channels (grayscale replicated)
ldctiqa,0047,0047.png,data/raw/ldctiqa/LDCTiqa_png/0047.png,,,,CT,,512,512,RGB,3,,,,350/40,raw,1.4,subjective_mos_0_4,,09d3a53005c4a6a60ffd480067d9bdf87e8ee2e1b3156113878d3fa931770d30,RGB with three identical channels (grayscale replicated)
ldctiqa,0048,0048.png,data/raw/ldctiqa/LDCTiqa_png/0048.png,,,,CT,,512,512,RGB,3,,,,350/40,raw,2.4,subjective_mos_0_4,,2e30c68a063da49b302486b7caf99fca1679f0ec9d5c298dbc0f77d37d70d42f,RGB with three identical channels (grayscale replicated)
ldctiqa,0049,0049.png,data/raw/ldctiqa/LDCTiqa_png/0049.png,,,,CT,,512,512,RGB,3,,,,350/40,raw,2.8,subjective_mos_0_4,,0dce9ec1bd80b2a7c5ca198d5c40a2207b448482def19605d44540d4c845fc93,RGB with three identical channels (grayscale replicated)
ldctiqa,0050,0050.png,data/raw/ldctiqa/LDCTiqa_png/0050.png,,,,CT,,512,512,RGB,3,,,,350/40,raw,1.8,subjective_mos_0_4,,7f1708f66be9fa0a6b6093c111c50930b4ea96e72f8a599c2810612674e5e0b5,RGB with three identical channels (grayscale replicated)
ldctiqa,0051,0051.png,data/raw/ldctiqa/LDCTiqa_png/0051.png,,,,CT,,512,512,RGB,3,,,,350/40,raw,2.6,subjective_mos_0_4,,3e98df87184f309ce118ce659b793f64deb758b8fdb0915cb9beb1eb6b20a3c7,RGB with three identical channels (grayscale replicated)
ldctiqa,0052,0052.png,data/raw/ldctiqa/LDCTiqa_png/0052.png,,,,CT,,512,512,RGB,3,,,,350/40,raw,2.4,subjective_mos_0_4,,2630f01d848ff14df1904046b090e2c27b2438888561ef8efe0be3c19efe1cbb,RGB with three identical channels (grayscale replicated)
ldctiqa,0053,0053.png,data/raw/ldctiqa/LDCTiqa_png/0053.png,,,,CT,,512,512,RGB,3,,,,350/40,raw,3.2,subjective_mos_0_4,,706720eca2986322e701843d287c7928b4b77480e485eb0063916a92e05bce0d,RGB with three identical channels (grayscale replicated)
ldctiqa,0054,0054.png,data/raw/ldctiqa/LDCTiqa_png/0054.png,,,,CT,,512,512,RGB,3,,,,350/40,raw,1.6,subjective_mos_0_4,,2a622661ca620e19b6e5b3e0f543c27359f08a30a1cbfdf27174b27bba299505,RGB with three identical channels (grayscale replicated)
ldctiqa,0055,0055.png,data/raw/ldctiqa/LDCTiqa_png/0055.png,,,,CT,,512,512,RGB,3,,,,350/40,raw,3.2,subjective_mos_0_4,,a2a0424a21426486ff3bc61b0a10bfba7889cd84dd2af1bccf035f79d4a2f9b5,RGB with three identical channels (grayscale replicated)
ldctiqa,0056,0056.png,data/raw/ldctiqa/LDCTiqa_png/0056.png,,,,CT,,512,512,RGB,3,,,,350/40,raw,2.2,subjective_mos_0_4,,f40d7b24449584add6d0dcc9c3711254d3017f54323b308b0c74c2364f91eed9,RGB with three identical channels (grayscale replicated)
ldctiqa,0057,0057.png,data/raw/ldctiqa/LDCTiqa_png/0057.png,,,,CT,,512,512,RGB,3,,,,350/40,raw,1.4,subjective_mos_0_4,,fd8576eb0eb4dd420136080d23f158512df3eef4816476678367babfbd800ffe,RGB with three identical channels (grayscale replicated)
ldctiqa,0058,0058.png,data/raw/ldctiqa/LDCTiqa_png/0058.png,,,,CT,,512,512,RGB,3,,,,350/40,raw,1.4,subjective_mos_0_4,,aecf9ddfe43bc73d422da8b47e200abf3f26ab3bb4b69b02e0d972810ea79047,RGB with three identical channels (grayscale replicated)
ldctiqa,0059,0059.png,data/raw/ldctiqa/LDCTiqa_png/0059.png,,,,CT,,512,512,RGB,3,,,,350/40,raw,3.4,subjective_mos_0_4,,8a2719bf04a3d802c4552c6962a6eb15fcea265cf37e0d5235972a88646b40f3,RGB with three identical channels (grayscale replicated)
ldctiqa,0060,0060.png,data/raw/ldctiqa/LDCTiqa_png/0060.png,,,,CT,,512,512,RGB,3,,,,350/40,raw,2.0,subjective_mos_0_4,,b8255cde072048a8ef5892f9d59b3922b64b560e5a6ea269f0bf23ea78177bd9,RGB with three identical channels (grayscale replicated)
ldctiqa,0061,0061.png,data/raw/ldctiqa/LDCTiqa_png/0061.png,,,,CT,,512,512,RGB,3,,,,350/40,raw,0.6,subjective_mos_0_4,,a62d1f14372e203ee6f7121fbeaa11df4d3e1fd3194b0690a4604825c60331fb,RGB with three identical channels (grayscale replicated)
ldctiqa,0062,0062.png,data/raw/ldctiqa/LDCTiqa_png/0062.png,,,,CT,,512,512,RGB,3,,,,350/40,raw,1.2,subjective_mos_0_4,,56ba37d28c47974b69bbcd619bc3be6b4f7e5b081f3237618e538801e1a91226,RGB with three identical channels (grayscale replicated)
ldctiqa,0063,0063.png,data/raw/ldctiqa/LDCTiqa_png/0063.png,,,,CT,,512,512,RGB,3,,,,350/40,raw,1.8,subjective_mos_0_4,,a65e91a8340ef39e90befc7385462ffb6449cec1a894a08fcc6d9d823b5ca222,RGB with three identical channels (grayscale replicated)
ldctiqa,0064,0064.png,data/raw/ldctiqa/LDCTiqa_png/0064.png,,,,CT,,512,512,RGB,3,,,,350/40,raw,2.6,subjective_mos_0_4,,2d886f6214622ac16d1707bf02042134d7f083e2eb0fb39d4c1e802aeff85fe1,RGB with three identical channels (grayscale replicated)
ldctiqa,0065,0065.png,data/raw/ldctiqa/LDCTiqa_png/0065.png,,,,CT,,512,512,RGB,3,,,,350/40,raw,3.0,subjective_mos_0_4,,e93c52d56dba6eac1283edf5d5a5f44a548e13a96e8c21dd0595098a22be6624,RGB with three identical channels (grayscale replicated)
ldctiqa,0066,0066.png,data/raw/ldctiqa/LDCTiqa_png/0066.png,,,,CT,,512,512,RGB,3,,,,350/40,raw,2.0,subjective_mos_0_4,,f5e617c66bbecf4f6cd0b38d9f63863d2ad3494bfc383c38ff089d8d96edb27a,RGB with three identical channels (grayscale replicated)
ldctiqa,0067,0067.png,data/raw/ldctiqa/LDCTiqa_png/0067.png,,,,CT,,512,512,RGB,3,,,,350/40,raw,0.8,subjective_mos_0_4,,5de70c48e90b261f42a2db0aadd5e660e8af836ed6c7073ed79f12bfc9299d4b,RGB with three identical channels (grayscale replicated)
ldctiqa,0068,0068.png,data/raw/ldctiqa/LDCTiqa_png/0068.png,,,,CT,,512,512,RGB,3,,,,350/40,raw,2.4,subjective_mos_0_4,,6a01e52d34f9c976c56bf05ad1e744b0adab1d5e15c9af7b8e9945ea58c5ead8,RGB with three identical channels (grayscale replicated)
ldctiqa,0069,0069.png,data/raw/ldctiqa/LDCTiqa_png/0069.png,,,,CT,,512,512,RGB,3,,,,350/40,raw,2.6,subjective_mos_0_4,,1ee43bc981668f87c2d46f6d7c2593348423c59aa3ae14c2bc2ba966766df30a,RGB with three identical channels (grayscale replicated)
ldctiqa,0070,0070.png,data/raw/ldctiqa/LDCTiqa_png/0070.png,,,,CT,,512,512,RGB,3,,,,350/40,raw,3.8,subjective_mos_0_4,,6f8ce4bb57a7965d3eb21429ac45e0e0b25a840dd8aca8805bb28abb8167cff2,RGB with three identical channels (grayscale replicated)
ldctiqa,0071,0071.png,data/raw/ldctiqa/LDCTiqa_png/0071.png,,,,CT,,512,512,RGB,3,,,,350/40,raw,1.4,subjective_mos_0_4,,0c55dd2c612261c9ab522c4ac40f6680d4d278d3157a990248529cf896f34b5f,RGB with three identical channels (grayscale replicated)
ldctiqa,0072,0072.png,data/raw/ldctiqa/LDCTiqa_png/0072.png,,,,CT,,512,512,RGB,3,,,,350/40,raw,2.6,subjective_mos_0_4,,fc01be5184b065d6a4f39239372d75729f8194f7b707672beaad725fbe203eeb,RGB with three identical channels (grayscale replicated)
ldctiqa,0073,0073.png,data/raw/ldctiqa/LDCTiqa_png/0073.png,,,,CT,,512,512,RGB,3,,,,350/40,raw,0.4,subjective_mos_0_4,,8a701dcfc67ca8570c60f56fe21da9b2217ada7ead65508e51605f8f00ff6289,RGB with three identical channels (grayscale replicated)
ldctiqa,0074,0074.png,data/raw/ldctiqa/LDCTiqa_png/0074.png,,,,CT,,512,512,RGB,3,,,,350/40,raw,1.4,subjective_mos_0_4,,70a9d3db2d8e6cd4d3d45c2bc91b06f7edb71b37e6184f57e6c0c33225a89692,RGB with three identical channels (grayscale replicated)
ldctiqa,0075,0075.png,data/raw/ldctiqa/LDCTiqa_png/0075.png,,,,CT,,512,512,RGB,3,,,,350/40,raw,0.0,subjective_mos_0_4,,86cbcc1d1060cdbf79958d73b6cbda52bd10da15d166c98b3770e1e64bdbab7b,RGB with three identical channels (grayscale replicated)
ldctiqa,0076,0076.png,data/raw/ldctiqa/LDCTiqa_png/0076.png,,,,CT,,512,512,RGB,3,,,,350/40,raw,2.6,subjective_mos_0_4,,f00432e8a1036884789f1adbe8b5c8d6cc526b6c53fc6027170400e71bd6300d,RGB with three identical channels (grayscale replicated)
ldctiqa,0077,0077.png,data/raw/ldctiqa/LDCTiqa_png/0077.png,,,,CT,,512,512,RGB,3,,,,350/40,raw,2.4,subjective_mos_0_4,,d4cacbccc2e893e0d0445e3105518981a27b9fe2198f0a659c140f55ecd9f9c5,RGB with three identical channels (grayscale replicated)
ldctiqa,0078,0078.png,data/raw/ldctiqa/LDCTiqa_png/0078.png,,,,CT,,512,512,RGB,3,,,,350/40,raw,3.0,subjective_mos_0_4,,e74eb108afe20564a6cba696d241b728caa232481280d9773935650b0688fc03,RGB with three identical channels (grayscale replicated)
ldctiqa,0079,0079.png,data/raw/ldctiqa/LDCTiqa_png/0079.png,,,,CT,,512,512,RGB,3,,,,350/40,raw,1.2,subjective_mos_0_4,,28e87bd6b2692844e15b90f4dfdbd79b883cd8ecba5b26147fc4ede67c39c90d,RGB with three identical channels (grayscale replicated)
ldctiqa,0080,0080.png,data/raw/ldctiqa/LDCTiqa_png/0080.png,,,,CT,,512,512,RGB,3,,,,350/40,raw,0.4,subjective_mos_0_4,,69777e928c1b2f06862f8ff07fc18c2fbd52d3f4126bfb49746537858b8d6fbb,RGB with three identical channels (grayscale replicated)
ldctiqa,0081,0081.png,data/raw/ldctiqa/LDCTiqa_png/0081.png,,,,CT,,512,512,RGB,3,,,,350/40,raw,0.2,subjective_mos_0_4,,8bdec7bd2833314632464c26fcae435009734355e3cd278a092f2edcef4d91d1,RGB with three identical channels (grayscale replicated)
ldctiqa,0082,0082.png,data/raw/ldctiqa/LDCTiqa_png/0082.png,,,,CT,,512,512,RGB,3,,,,350/40,raw,3.6,subjective_mos_0_4,,10a2ecf7484919a33f3184a61287bdb3c28433e99315fc1ccdc5a868e0479606,RGB with three identical channels (grayscale replicated)
ldctiqa,0083,0083.png,data/raw/ldctiqa/LDCTiqa_png/0083.png,,,,CT,,512,512,RGB,3,,,,350/40,raw,1.4,subjective_mos_0_4,,1dba640c5990ac5f7bebfbde27b19c8eba3ebd54d35f92503b3a46e914386657,RGB with three identical channels (grayscale replicated)
ldctiqa,0084,0084.png,data/raw/ldctiqa/LDCTiqa_png/0084.png,,,,CT,,512,512,RGB,3,,,,350/40,raw,2.4,subjective_mos_0_4,,d8f00265b3596eb7d163d423a3cd88e04c447a0fb135eaba4f1e7c2b51f4d43b,RGB with three identical channels (grayscale replicated)
ldctiqa,0085,0085.png,data/raw/ldctiqa/LDCTiqa_png/0085.png,,,,CT,,512,512,RGB,3,,,,350/40,raw,3.6,subjective_mos_0_4,,3e1ee556f87e4838dcb0f9e9ec318acd86b85a7233f66720a28a7467124ef527,RGB with three identical channels (grayscale replicated)
ldctiqa,0086,0086.png,data/raw/ldctiqa/LDCTiqa_png/0086.png,,,,CT,,512,512,RGB,3,,,,350/40,raw,3.0,subjective_mos_0_4,,8638020e01182282a245f0be4f0bc90d42c9a2cd3b2a2c88c662ba7facfbc8bc,RGB with three identical channels (grayscale replicated)
ldctiqa,0087,0087.png,data/raw/ldctiqa/LDCTiqa_png/0087.png,,,,CT,,512,512,RGB,3,,,,350/40,raw,3.0,subjective_mos_0_4,,faf71fbecfc1f73e509470135fccf61f8abd58a6591cea0a16c8c1d93cfc547d,RGB with three identical channels (grayscale replicated)
ldctiqa,0088,0088.png,data/raw/ldctiqa/LDCTiqa_png/0088.png,,,,CT,,512,512,RGB,3,,,,350/40,raw,2.8,subjective_mos_0_4,,b31479a80fafa557141209ba413b8c7047735832f7d7fae3a87190ef0dbba35f,RGB with three identical channels (grayscale replicated)
ldctiqa,0089,0089.png,data/raw/ldctiqa/LDCTiqa_png/0089.png,,,,CT,,512,512,RGB,3,,,,350/40,raw,3.0,subjective_mos_0_4,,b9d6e6394d863575873921fff433362fc3fcc67205060624693b827706f50322,RGB with three identical channels (grayscale replicated)
ldctiqa,0090,0090.png,data/raw/ldctiqa/LDCTiqa_png/0090.png,,,,CT,,512,512,RGB,3,,,,350/40,raw,1.2,subjective_mos_0_4,,1496f250d5c5ba65d64eb2b149f3534557d519522f3ca094ae78df50d0dcdc9d,RGB with three identical channels (grayscale replicated)
ldctiqa,0091,0091.png,data/raw/ldctiqa/LDCTiqa_png/0091.png,,,,CT,,512,512,RGB,3,,,,350/40,raw,3.6,subjective_mos_0_4,,96417a5c8bd7f2321c12e6c12733c13b162f885ad3ef57ce9c1fd15eb3b8e927,RGB with three identical channels (grayscale replicated)
ldctiqa,0092,0092.png,data/raw/ldctiqa/LDCTiqa_png/0092.png,,,,CT,,512,512,RGB,3,,,,350/40,raw,1.4,subjective_mos_0_4,,be480d42ca753e9cdcfde1dbc360ec60028f6ad9ce1ba2b07239fce5242de486,RGB with three identical channels (grayscale replicated)
ldctiqa,0093,0093.png,data/raw/ldctiqa/LDCTiqa_png/0093.png,,,,CT,,512,512,RGB,3,,,,350/40,raw,2.6,subjective_mos_0_4,,94d449a500d5edc5873deaf0bc137af58677b0d64b302ac85e0aa9e4dc6c87fd,RGB with three identical channels (grayscale replicated)
ldctiqa,0094,0094.png,data/raw/ldctiqa/LDCTiqa_png/0094.png,,,,CT,,512,512,RGB,3,,,,350/40,raw,0.2,subjective_mos_0_4,,35dec9f34225a8c394cbd585ec4614271e49d14c3a55c314784ee6a3f2ec46d7,RGB with three identical channels (grayscale replicated)
ldctiqa,0095,0095.png,data/raw/ldctiqa/LDCTiqa_png/0095.png,,,,CT,,512,512,RGB,3,,,,350/40,raw,0.8,subjective_mos_0_4,,16283e020797ca38c2fb867ef5c480f889f2bbcba92da3d40ebbd5f111866da3,RGB with three identical channels (grayscale replicated)
ldctiqa,0096,0096.png,data/raw/ldctiqa/LDCTiqa_png/0096.png,,,,CT,,512,512,RGB,3,,,,350/40,raw,2.0,subjective_mos_0_4,,4372b4a81335fa6ef603aa628fe20f49452426c55ad2b7a5118ad391d2938bf1,RGB with three identical channels (grayscale replicated)
ldctiqa,0097,0097.png,data/raw/ldctiqa/LDCTiqa_png/0097.png,,,,CT,,512,512,RGB,3,,,,350/40,raw,4.0,subjective_mos_0_4,,3c5d27e3e71dde889ca3aa5de81ce97441ce77cd36d70d41e004e158287fc9ea,RGB with three identical channels (grayscale replicated)
ldctiqa,0098,0098.png,data/raw/ldctiqa/LDCTiqa_png/0098.png,,,,CT,,512,512,RGB,3,,,,350/40,raw,1.8,subjective_mos_0_4,,e5a050e3e8e7bd344fb02ecde62c21015b66ca6b5d766d631c583435906b3b36,RGB with three identical channels (grayscale replicated)
ldctiqa,0099,0099.png,data/raw/ldctiqa/LDCTiqa_png/0099.png,,,,CT,,512,512,RGB,3,,,,350/40,raw,3.0,subjective_mos_0_4,,6936dc6b2f0ae50505e5be75a6a6b82b04945b4fa7efc7230c68ad373ae727a1,RGB with three identical channels (grayscale replicated)
ldctiqa,0100,0100.png,data/raw/ldctiqa/LDCTiqa_png/0100.png,,,,CT,,512,512,RGB,3,,,,350/40,raw,4.0,subjective_mos_0_4,,50192dd4153b02f959be8ae8f4bb586532d82ab1200ba7b26ce1645ade655714,RGB with three identical channels (grayscale replicated)
ldctiqa,0101,0101.png,data/raw/ldctiqa/LDCTiqa_png/0101.png,,,,CT,,512,512,RGB,3,,,,350/40,raw,4.0,subjective_mos_0_4,,c5ce9771f45ab7720d4cbda690a9d0146c05ba34fa999f393bd91245326524a1,RGB with three identical channels (grayscale replicated)
ldctiqa,0102,0102.png,data/raw/ldctiqa/LDCTiqa_png/0102.png,,,,CT,,512,512,RGB,3,,,,350/40,raw,3.6,subjective_mos_0_4,,6b7ac4d6625d57c9572dd3f547360291c802fed74bc7fdc74cef15215746ab65,RGB with three identical channels (grayscale replicated)
ldctiqa,0103,0103.png,data/raw/ldctiqa/LDCTiqa_png/0103.png,,,,CT,,512,512,RGB,3,,,,350/40,raw,3.0,subjective_mos_0_4,,ad296665d29819dbf096d03a35605ecd6241f2453342c18f4c25fe0f3737416f,RGB with three identical channels (grayscale replicated)
ldctiqa,0104,0104.png,data/raw/ldctiqa/LDCTiqa_png/0104.png,,,,CT,,512,512,RGB,3,,,,350/40,raw,1.8,subjective_mos_0_4,,b8193b38abf4479d8d8e510d43203b329fae218560b97ce5f3c64df084a3fc37,RGB with three identical channels (grayscale replicated)
ldctiqa,0105,0105.png,data/raw/ldctiqa/LDCTiqa_png/0105.png,,,,CT,,512,512,RGB,3,,,,350/40,raw,1.4,subjective_mos_0_4,,8902868074fb579f728fac9ee7976ac5360853da0ad0aebb536bd8d2d1200dd5,RGB with three identical channels (grayscale replicated)
ldctiqa,0106,0106.png,data/raw/ldctiqa/LDCTiqa_png/0106.png,,,,CT,,512,512,RGB,3,,,,350/40,raw,3.0,subjective_mos_0_4,,f0b91f75bc70caed43b276d6c81c1c6499f107156be96911a0cecaaeed14df2e,RGB with three identical channels (grayscale replicated)
ldctiqa,0107,0107.png,data/raw/ldctiqa/LDCTiqa_png/0107.png,,,,CT,,512,512,RGB,3,,,,350/40,raw,0.8,subjective_mos_0_4,,875b2b4be41d7660415e3486f0808adb332b635a781fcd1ba0bca69df9065bcb,RGB with three identical channels (grayscale replicated)
ldctiqa,0108,0108.png,data/raw/ldctiqa/LDCTiqa_png/0108.png,,,,CT,,512,512,RGB,3,,,,350/40,raw,4.0,subjective_mos_0_4,,e950051936a1f0d626b9b249e39297114751734833460e747278fe85f9dabe06,RGB with three identical channels (grayscale replicated)
ldctiqa,0109,0109.png,data/raw/ldctiqa/LDCTiqa_png/0109.png,,,,CT,,512,512,RGB,3,,,,350/40,raw,2.0,subjective_mos_0_4,,3c5586dc9f7403bc6cb314e843ec84e57f944445ea9dff2576c8b433771065a6,RGB with three identical channels (grayscale replicated)
ldctiqa,0110,0110.png,data/raw/ldctiqa/LDCTiqa_png/0110.png,,,,CT,,512,512,RGB,3,,,,350/40,raw,3.0,subjective_mos_0_4,,47619b38c6fd8c07d40daa7f4616c24914531fbacba95bd97c755a1a031ae996,RGB with three identical channels (grayscale replicated)
ldctiqa,0111,0111.png,data/raw/ldctiqa/LDCTiqa_png/0111.png,,,,CT,,512,512,RGB,3,,,,350/40,raw,0.2,subjective_mos_0_4,,8b798275d55e5093989f812303b42c4757593654b888eacdfcd08c17da02072e,RGB with three identical channels (grayscale replicated)
ldctiqa,0112,0112.png,data/raw/ldctiqa/LDCTiqa_png/0112.png,,,,CT,,512,512,RGB,3,,,,350/40,raw,1.2,subjective_mos_0_4,,b1f3c36c5cfc1f9179d7c3f835c9d4c2e24b4da1dfefe913e99c1f029dfaef97,RGB with three identical channels (grayscale replicated)
ldctiqa,0113,0113.png,data/raw/ldctiqa/LDCTiqa_png/0113.png,,,,CT,,512,512,RGB,3,,,,350/40,raw,1.8,subjective_mos_0_4,,5a60e20627a569531f07be9843a34b87dda97c1b6b002acec3a71714289941d3,RGB with three identical channels (grayscale replicated)
ldctiqa,0114,0114.png,data/raw/ldctiqa/LDCTiqa_png/0114.png,,,,CT,,512,512,RGB,3,,,,350/40,raw,3.0,subjective_mos_0_4,,3154ddad12376054354c7c8d113de18066e633bb1d834ba5c662dd2da83c4e48,RGB with three identical channels (grayscale replicated)
ldctiqa,0115,0115.png,data/raw/ldctiqa/LDCTiqa_png/0115.png,,,,CT,,512,512,RGB,3,,,,350/40,raw,0.8,subjective_mos_0_4,,d577e74f91199149c4b56ac9f857a2b3a13ed49082e40b1de7830fe2c2f3dd28,RGB with three identical channels (grayscale replicated)
ldctiqa,0116,0116.png,data/raw/ldctiqa/LDCTiqa_png/0116.png,,,,CT,,512,512,RGB,3,,,,350/40,raw,2.4,subjective_mos_0_4,,20c9a47f91bf6fac6680f42aa98b7b9b76d06bd0f5feb0cf538941cdf6af68a2,RGB with three identical channels (grayscale replicated)
ldctiqa,0117,0117.png,data/raw/ldctiqa/LDCTiqa_png/0117.png,,,,CT,,512,512,RGB,3,,,,350/40,raw,1.2,subjective_mos_0_4,,add07b461e40bc47df141e947aa733eba38edb30b5a039c1da7c2d380c15e32e,RGB with three identical channels (grayscale replicated)
ldctiqa,0118,0118.png,data/raw/ldctiqa/LDCTiqa_png/0118.png,,,,CT,,512,512,RGB,3,,,,350/40,raw,3.0,subjective_mos_0_4,,4bc19556b343711e52d8415abe8cb9df39510885c0ed06c56089356cbcc407cc,RGB with three identical channels (grayscale replicated)
ldctiqa,0119,0119.png,data/raw/ldctiqa/LDCTiqa_png/0119.png,,,,CT,,512,512,RGB,3,,,,350/40,raw,0.2,subjective_mos_0_4,,e148ccd2215a69a0557118af933550f0b9dc4cd66a7b3cf4b0ea0db81f986aef,RGB with three identical channels (grayscale replicated)
ldctiqa,0120,0120.png,data/raw/ldctiqa/LDCTiqa_png/0120.png,,,,CT,,512,512,RGB,3,,,,350/40,raw,2.2,subjective_mos_0_4,,65375992942ad48dc765b254b1a0424696015b7fdcc8311c3a44d9cd67c9efb6,RGB with three identical channels (grayscale replicated)
ldctiqa,0121,0121.png,data/raw/ldctiqa/LDCTiqa_png/0121.png,,,,CT,,512,512,RGB,3,,,,350/40,raw,3.6,subjective_mos_0_4,,f0191086d3e4e3402599310d58e9ddebbebc8491ac1351ebd59dba81401c5a3a,RGB with three identical channels (grayscale replicated)
ldctiqa,0122,0122.png,data/raw/ldctiqa/LDCTiqa_png/0122.png,,,,CT,,512,512,RGB,3,,,,350/40,raw,4.0,subjective_mos_0_4,,aa6198ba909f3c998f1d3f85de835e88654e7519e9830e4c24464741558966bc,RGB with three identical channels (grayscale replicated)
ldctiqa,0123,0123.png,data/raw/ldctiqa/LDCTiqa_png/0123.png,,,,CT,,512,512,RGB,3,,,,350/40,raw,2.6,subjective_mos_0_4,,6bca1e45a8e3fde292ebe577dd08c365658ad1bf24e7c188b8cda5078c6bec9e,RGB with three identical channels (grayscale replicated)
ldctiqa,0124,0124.png,data/raw/ldctiqa/LDCTiqa_png/0124.png,,,,CT,,512,512,RGB,3,,,,350/40,raw,1.4,subjective_mos_0_4,,7dc27d79fbc7d6a982feaf6ff64880f2d3c55df9a1849aa8494abe3e4e08387e,RGB with three identical channels (grayscale replicated)
ldctiqa,0125,0125.png,data/raw/ldctiqa/LDCTiqa_png/0125.png,,,,CT,,512,512,RGB,3,,,,350/40,raw,2.4,subjective_mos_0_4,,512a6672d27300e7a8f326a2c6bf5f0ef8c9e5e0bc5e5e647b25bd3656556018,RGB with three identical channels (grayscale replicated)
ldctiqa,0126,0126.png,data/raw/ldctiqa/LDCTiqa_png/0126.png,,,,CT,,512,512,RGB,3,,,,350/40,raw,1.6,subjective_mos_0_4,,d0c6f0d46f8094e4b649689f2587974ac5023dc6036df385723bedda43f348d8,RGB with three identical channels (grayscale replicated)
ldctiqa,0127,0127.png,data/raw/ldctiqa/LDCTiqa_png/0127.png,,,,CT,,512,512,RGB,3,,,,350/40,raw,0.4,subjective_mos_0_4,,d788a380aa84ed66a638680fbc3b8b6dbc5369f2d7b43a25edbf3889115b3000,RGB with three identical channels (grayscale replicated)
ldctiqa,0128,0128.png,data/raw/ldctiqa/LDCTiqa_png/0128.png,,,,CT,,512,512,RGB,3,,,,350/40,raw,3.8,subjective_mos_0_4,,d8a3764ce267b35fd3f55a704103c87d697d52e97a8a48175c2e755a99b64861,RGB with three identical channels (grayscale replicated)
ldctiqa,0129,0129.png,data/raw/ldctiqa/LDCTiqa_png/0129.png,,,,CT,,512,512,RGB,3,,,,350/40,raw,1.0,subjective_mos_0_4,,71b50d67def8f67f60e7ba6f8f13b2ab7594cf7e1a3d03fce2785b46dc3ad409,RGB with three identical channels (grayscale replicated)
ldctiqa,0130,0130.png,data/raw/ldctiqa/LDCTiqa_png/0130.png,,,,CT,,512,512,RGB,3,,,,350/40,raw,2.0,subjective_mos_0_4,,5521c1eef39dac0eda410b875370348402ccb5aa8fc66b82003f50191b7f8745,RGB with three identical channels (grayscale replicated)
ldctiqa,0131,0131.png,data/raw/ldctiqa/LDCTiqa_png/0131.png,,,,CT,,512,512,RGB,3,,,,350/40,raw,3.4,subjective_mos_0_4,,89bf78b10d30b59640353e2a95d5ca1190e778010ec227f211ac1eefbca14cb8,RGB with three identical channels (grayscale replicated)
ldctiqa,0132,0132.png,data/raw/ldctiqa/LDCTiqa_png/0132.png,,,,CT,,512,512,RGB,3,,,,350/40,raw,2.2,subjective_mos_0_4,,407089097aabeab810bf2c66fcdf7f844cc3c8ad5569b8036012c9cafb9356d8,RGB with three identical channels (grayscale replicated)
ldctiqa,0133,0133.png,data/raw/ldctiqa/LDCTiqa_png/0133.png,,,,CT,,512,512,RGB,3,,,,350/40,raw,2.8,subjective_mos_0_4,,05f162da35466d0dc24ae8a2fd319a72691a72fa7ccf6fd3fad0abde4e0070c5,RGB with three identical channels (grayscale replicated)
ldctiqa,0134,0134.png,data/raw/ldctiqa/LDCTiqa_png/0134.png,,,,CT,,512,512,RGB,3,,,,350/40,raw,2.0,subjective_mos_0_4,,acd5c1525eb96712a3d836e8077dfd764171b5d48a987beb4ed37520a5f79d15,RGB with three identical channels (grayscale replicated)
ldctiqa,0135,0135.png,data/raw/ldctiqa/LDCTiqa_png/0135.png,,,,CT,,512,512,RGB,3,,,,350/40,raw,1.0,subjective_mos_0_4,,9395a4bee7e325c00a33a89626b7f0df36fb65772767980cc2be1d538474ed73,RGB with three identical channels (grayscale replicated)
ldctiqa,0136,0136.png,data/raw/ldctiqa/LDCTiqa_png/0136.png,,,,CT,,512,512,RGB,3,,,,350/40,raw,3.0,subjective_mos_0_4,,9c7caf74a6587f1ff0aa35d00317fc5113b0aeab387e361e73cc07364bc3b5b3,RGB with three identical channels (grayscale replicated)
ldctiqa,0137,0137.png,data/raw/ldctiqa/LDCTiqa_png/0137.png,,,,CT,,512,512,RGB,3,,,,350/40,raw,0.8,subjective_mos_0_4,,d40bb46689ba0f653588b3fcaa4c003d8b36500ff86e26b3216a73c138cd8bbf,RGB with three identical channels (grayscale replicated)
ldctiqa,0138,0138.png,data/raw/ldctiqa/LDCTiqa_png/0138.png,,,,CT,,512,512,RGB,3,,,,350/40,raw,2.0,subjective_mos_0_4,,fdf5612d663d28eaf1a566a1099ca8a03457f7b82805b84d5a44ae6c8d2391e8,RGB with three identical channels (grayscale replicated)
ldctiqa,0139,0139.png,data/raw/ldctiqa/LDCTiqa_png/0139.png,,,,CT,,512,512,RGB,3,,,,350/40,raw,1.0,subjective_mos_0_4,,e003c13faf0fffb62956d1c33b0be61c787182506c7ab55135f438f4b8b93e47,RGB with three identical channels (grayscale replicated)
ldctiqa,0140,0140.png,data/raw/ldctiqa/LDCTiqa_png/0140.png,,,,CT,,512,512,RGB,3,,,,350/40,raw,2.4,subjective_mos_0_4,,a7b825bcbf09c12d2b7641021ff8aa374d6e959cf661fa147c08b39f12aabee5,RGB with three identical channels (grayscale replicated)
ldctiqa,0141,0141.png,data/raw/ldctiqa/LDCTiqa_png/0141.png,,,,CT,,512,512,RGB,3,,,,350/40,raw,1.8,subjective_mos_0_4,,905e773e5d0f1b496c778fefcab34d36bf486bbe470bde5a91f290df7e8cefec,RGB with three identical channels (grayscale replicated)
ldctiqa,0142,0142.png,data/raw/ldctiqa/LDCTiqa_png/0142.png,,,,CT,,512,512,RGB,3,,,,350/40,raw,1.2,subjective_mos_0_4,,08dda268e7f38e200405915ac46a5694804f9d590e8868ff0c74b89b04b19d79,RGB with three identical channels (grayscale replicated)
ldctiqa,0143,0143.png,data/raw/ldctiqa/LDCTiqa_png/0143.png,,,,CT,,512,512,RGB,3,,,,350/40,raw,2.6,subjective_mos_0_4,,276169b5b5ad510e951efec76fd10ee892c58aa8da71a4985746c8776a76cafd,RGB with three identical channels (grayscale replicated)
ldctiqa,0144,0144.png,data/raw/ldctiqa/LDCTiqa_png/0144.png,,,,CT,,512,512,RGB,3,,,,350/40,raw,1.2,subjective_mos_0_4,,65e43d4ec1e772809ca24766da2fb97da03742bb29f56c7c6975230cd0298e49,RGB with three identical channels (grayscale replicated)
ldctiqa,0145,0145.png,data/raw/ldctiqa/LDCTiqa_png/0145.png,,,,CT,,512,512,RGB,3,,,,350/40,raw,1.8,subjective_mos_0_4,,4de3e3be6bf1f24994ebcf39b8eb74d7056f2c1e5d62c28a4f5c9bc7355153b7,RGB with three identical channels (grayscale replicated)
ldctiqa,0146,0146.png,data/raw/ldctiqa/LDCTiqa_png/0146.png,,,,CT,,512,512,RGB,3,,,,350/40,raw,3.4,subjective_mos_0_4,,3de247bc90dcd2675ac698bda4af21cab4925d609b32143261e744bf1b76a060,RGB with three identical channels (grayscale replicated)
ldctiqa,0147,0147.png,data/raw/ldctiqa/LDCTiqa_png/0147.png,,,,CT,,512,512,RGB,3,,,,350/40,raw,1.2,subjective_mos_0_4,,4acb7813509246dcb3f1424549bd83be0520afb77c6a5a75ab2678cb899eaf8c,RGB with three identical channels (grayscale replicated)
ldctiqa,0148,0148.png,data/raw/ldctiqa/LDCTiqa_png/0148.png,,,,CT,,512,512,RGB,3,,,,350/40,raw,0.4,subjective_mos_0_4,,a587376c757492858d2672d0195866b1fb5f8da2a5874dbee0f085b8cd4f71d2,RGB with three identical channels (grayscale replicated)
ldctiqa,0149,0149.png,data/raw/ldctiqa/LDCTiqa_png/0149.png,,,,CT,,512,512,RGB,3,,,,350/40,raw,2.6,subjective_mos_0_4,,ba1275debe24feffbe6dee03a7634fe2aa26c5d2ebe8ecb3eab799ccd86344e1,RGB with three identical channels (grayscale replicated)
ldctiqa,0150,0150.png,data/raw/ldctiqa/LDCTiqa_png/0150.png,,,,CT,,512,512,RGB,3,,,,350/40,raw,0.4,subjective_mos_0_4,,f595d875d937f8403b47ca9a7548a3aff7933d7e7bb627b3fe6fb5d90b9b04da,RGB with three identical channels (grayscale replicated)
ldctiqa,0151,0151.png,data/raw/ldctiqa/LDCTiqa_png/0151.png,,,,CT,,512,512,RGB,3,,,,350/40,raw,2.6,subjective_mos_0_4,,c4a02d447dba00e7c819b74f3ab70cbca6dd02247e180396939dc0a2071f942f,RGB with three identical channels (grayscale replicated)
ldctiqa,0152,0152.png,data/raw/ldctiqa/LDCTiqa_png/0152.png,,,,CT,,512,512,RGB,3,,,,350/40,raw,2.6,subjective_mos_0_4,,a30d2a8dfe7fb31871a1d6dfffa95f4c230d2c71aa3f4731ca4c3e3800ecf896,RGB with three identical channels (grayscale replicated)
ldctiqa,0153,0153.png,data/raw/ldctiqa/LDCTiqa_png/0153.png,,,,CT,,512,512,RGB,3,,,,350/40,raw,2.0,subjective_mos_0_4,,95c2fc30f8fde99e74088496950400e5d1ca429c2fc0c9a5c5e9773e72b30ea2,RGB with three identical channels (grayscale replicated)
ldctiqa,0154,0154.png,data/raw/ldctiqa/LDCTiqa_png/0154.png,,,,CT,,512,512,RGB,3,,,,350/40,raw,3.0,subjective_mos_0_4,,30e15d68a964d3eb49eadf3af6cf5af088ff71c833946ee59505dafe21d488d2,RGB with three identical channels (grayscale replicated)
ldctiqa,0155,0155.png,data/raw/ldctiqa/LDCTiqa_png/0155.png,,,,CT,,512,512,RGB,3,,,,350/40,raw,2.0,subjective_mos_0_4,,8252f129699b6cdea767bf5e5bde065c98d10012d2f229eaa4d880333430cb94,RGB with three identical channels (grayscale replicated)
ldctiqa,0156,0156.png,data/raw/ldctiqa/LDCTiqa_png/0156.png,,,,CT,,512,512,RGB,3,,,,350/40,raw,2.6,subjective_mos_0_4,,2780efd07e127c1c8fcfa52550f372b6a903e5d6d0dc456231c7f2174df2d023,RGB with three identical channels (grayscale replicated)
ldctiqa,0157,0157.png,data/raw/ldctiqa/LDCTiqa_png/0157.png,,,,CT,,512,512,RGB,3,,,,350/40,raw,2.6,subjective_mos_0_4,,ae233ac63a504da2db83378f77aa2fda1cb5a940032e2fe44763db23bad98a7f,RGB with three identical channels (grayscale replicated)
ldctiqa,0158,0158.png,data/raw/ldctiqa/LDCTiqa_png/0158.png,,,,CT,,512,512,RGB,3,,,,350/40,raw,3.6,subjective_mos_0_4,,40d353292547fe1dfeccc22547fc843ddc1fd1efcc6fca1d00562fdd3f778991,RGB with three identical channels (grayscale replicated)
ldctiqa,0159,0159.png,data/raw/ldctiqa/LDCTiqa_png/0159.png,,,,CT,,512,512,RGB,3,,,,350/40,raw,2.6,subjective_mos_0_4,,885260c4e9f8583a47d0425d8f003cabd3474220ea4de0a65a1fb8f831df6fad,RGB with three identical channels (grayscale replicated)
ldctiqa,0160,0160.png,data/raw/ldctiqa/LDCTiqa_png/0160.png,,,,CT,,512,512,RGB,3,,,,350/40,raw,0.6,subjective_mos_0_4,,335603b3ac1243cfac85ff454c6757468fb2ead74dc8b51afaea491804421914,RGB with three identical channels (grayscale replicated)
ldctiqa,0161,0161.png,data/raw/ldctiqa/LDCTiqa_png/0161.png,,,,CT,,512,512,RGB,3,,,,350/40,raw,2.4,subjective_mos_0_4,,e2f591cc07d1b93a4348e401f269fd3e0e2e489f754fc164b14377adfc4fd7e8,RGB with three identical channels (grayscale replicated)
ldctiqa,0162,0162.png,data/raw/ldctiqa/LDCTiqa_png/0162.png,,,,CT,,512,512,RGB,3,,,,350/40,raw,3.2,subjective_mos_0_4,,48d67cfb89e71f987dabf59c57c8867f466ed7e16ba6cb81e4926cb8a96322b7,RGB with three identical channels (grayscale replicated)
ldctiqa,0163,0163.png,data/raw/ldctiqa/LDCTiqa_png/0163.png,,,,CT,,512,512,RGB,3,,,,350/40,raw,3.8,subjective_mos_0_4,,88ce1cb778885f30c5463cb972328005fc42bda6482c0cfdea47ac5578af9a25,RGB with three identical channels (grayscale replicated)
ldctiqa,0164,0164.png,data/raw/ldctiqa/LDCTiqa_png/0164.png,,,,CT,,512,512,RGB,3,,,,350/40,raw,2.4,subjective_mos_0_4,,c031eb402e339865b4d049686458855c214948ef2ab57c117650bd5ee34d4c78,RGB with three identical channels (grayscale replicated)
ldctiqa,0165,0165.png,data/raw/ldctiqa/LDCTiqa_png/0165.png,,,,CT,,512,512,RGB,3,,,,350/40,raw,1.4,subjective_mos_0_4,,8417daf55449af3bbdd4e59c5ad846ac23db51b9d19fe6bf9a0203b974351e08,RGB with three identical channels (grayscale replicated)
ldctiqa,0166,0166.png,data/raw/ldctiqa/LDCTiqa_png/0166.png,,,,CT,,512,512,RGB,3,,,,350/40,raw,4.0,subjective_mos_0_4,,731c21e350a9c09b3a7444f7524acc23ff0d06c09bffef9fc24c94fa8b270f2f,RGB with three identical channels (grayscale replicated)
ldctiqa,0167,0167.png,data/raw/ldctiqa/LDCTiqa_png/0167.png,,,,CT,,512,512,RGB,3,,,,350/40,raw,3.0,subjective_mos_0_4,,23a5f3e28c8c33958e3e726cfd2ab98f89d4fa1c9f866b124497493b0694a052,RGB with three identical channels (grayscale replicated)
ldctiqa,0168,0168.png,data/raw/ldctiqa/LDCTiqa_png/0168.png,,,,CT,,512,512,RGB,3,,,,350/40,raw,1.6,subjective_mos_0_4,,fa3831e8ac7135ca5afe5e2650f01970455573860b712f9ac28e922226e80745,RGB with three identical channels (grayscale replicated)
ldctiqa,0169,0169.png,data/raw/ldctiqa/LDCTiqa_png/0169.png,,,,CT,,512,512,RGB,3,,,,350/40,raw,2.4,subjective_mos_0_4,,089969816a5a6767886b5057d0167ffcf7825cf32f8bc080234c8c505d39d258,RGB with three identical channels (grayscale replicated)
ldctiqa,0170,0170.png,data/raw/ldctiqa/LDCTiqa_png/0170.png,,,,CT,,512,512,RGB,3,,,,350/40,raw,1.6,subjective_mos_0_4,,33240223b2cbc0402c1c66c6df0a0ebeb7c299d8a0c3c9db7a9be8c9a51f96cd,RGB with three identical channels (grayscale replicated)
ldctiqa,0171,0171.png,data/raw/ldctiqa/LDCTiqa_png/0171.png,,,,CT,,512,512,RGB,3,,,,350/40,raw,3.8,subjective_mos_0_4,,a413d300ca73ca0df3a0a3e7e9aeefc671327ca347f95f1e17e72ce402b7c2b5,RGB with three identical channels (grayscale replicated)
ldctiqa,0172,0172.png,data/raw/ldctiqa/LDCTiqa_png/0172.png,,,,CT,,512,512,RGB,3,,,,350/40,raw,2.6,subjective_mos_0_4,,84ce339fe675f463709a16424ac76845dc100acd4746f8e98596068ca3067bc1,RGB with three identical channels (grayscale replicated)
ldctiqa,0173,0173.png,data/raw/ldctiqa/LDCTiqa_png/0173.png,,,,CT,,512,512,RGB,3,,,,350/40,raw,2.6,subjective_mos_0_4,,d3875636bf0ce331257bfee46e329c71d81f6fa128b797d91c1e1c932467d2a9,RGB with three identical channels (grayscale replicated)
ldctiqa,0174,0174.png,data/raw/ldctiqa/LDCTiqa_png/0174.png,,,,CT,,512,512,RGB,3,,,,350/40,raw,1.0,subjective_mos_0_4,,e9ed731994098f2cdd3d8343ac4e6dd634da99948d711c0811429b68fb1283bd,RGB with three identical channels (grayscale replicated)
ldctiqa,0175,0175.png,data/raw/ldctiqa/LDCTiqa_png/0175.png,,,,CT,,512,512,RGB,3,,,,350/40,raw,2.2,subjective_mos_0_4,,a9fee71906dbcd65f3d25360d4d1ec0170a46d96478a212deefad9b4e703f850,RGB with three identical channels (grayscale replicated)
ldctiqa,0176,0176.png,data/raw/ldctiqa/LDCTiqa_png/0176.png,,,,CT,,512,512,RGB,3,,,,350/40,raw,2.4,subjective_mos_0_4,,32ea58bb35f9ace7b1fc55ecc538e88797ff3fc017d61a89ad98f81ea5c937a4,RGB with three identical channels (grayscale replicated)
ldctiqa,0177,0177.png,data/raw/ldctiqa/LDCTiqa_png/0177.png,,,,CT,,512,512,RGB,3,,,,350/40,raw,3.8,subjective_mos_0_4,,b37766e7d631567578ee02ac46c275b54b4bc08a63230ba705d85587535fde54,RGB with three identical channels (grayscale replicated)
ldctiqa,0178,0178.png,data/raw/ldctiqa/LDCTiqa_png/0178.png,,,,CT,,512,512,RGB,3,,,,350/40,raw,1.4,subjective_mos_0_4,,1127e67550673145ee3c98b396e927e22ffee75bd2b1d5f453a88b2a81b89af9,RGB with three identical channels (grayscale replicated)
ldctiqa,0179,0179.png,data/raw/ldctiqa/LDCTiqa_png/0179.png,,,,CT,,512,512,RGB,3,,,,350/40,raw,1.0,subjective_mos_0_4,,2b25e8e7fac56b3c90e9435e2e27b0cc4703f1a74b90582c3191c31b8f3c0642,RGB with three identical channels (grayscale replicated)
ldctiqa,0180,0180.png,data/raw/ldctiqa/LDCTiqa_png/0180.png,,,,CT,,512,512,RGB,3,,,,350/40,raw,4.0,subjective_mos_0_4,,d34f68abb5f8ba7fb9e0eedf1e611789cd848b1f2e2050fdf6d57a0869827861,RGB with three identical channels (grayscale replicated)
ldctiqa,0181,0181.png,data/raw/ldctiqa/LDCTiqa_png/0181.png,,,,CT,,512,512,RGB,3,,,,350/40,raw,1.4,subjective_mos_0_4,,ddd4b43e4992217936fe31377c27b761b95ae716ca5a8044325ff522b8423b47,RGB with three identical channels (grayscale replicated)
ldctiqa,0182,0182.png,data/raw/ldctiqa/LDCTiqa_png/0182.png,,,,CT,,512,512,RGB,3,,,,350/40,raw,1.0,subjective_mos_0_4,,04fda55bb9632781c6e112184fbe340cdf2e67209ce55bda70550562611512be,RGB with three identical channels (grayscale replicated)
ldctiqa,0183,0183.png,data/raw/ldctiqa/LDCTiqa_png/0183.png,,,,CT,,512,512,RGB,3,,,,350/40,raw,0.6,subjective_mos_0_4,,2d60225906bca9366d320666262b75f8bd3d8eeb51ad4b18af5623d9599d6ce7,RGB with three identical channels (grayscale replicated)
ldctiqa,0184,0184.png,data/raw/ldctiqa/LDCTiqa_png/0184.png,,,,CT,,512,512,RGB,3,,,,350/40,raw,1.2,subjective_mos_0_4,,e49706a2609108e4f42081a7a000cee8557ce3b78edc5f3dd177311d3cf327ba,RGB with three identical channels (grayscale replicated)
ldctiqa,0185,0185.png,data/raw/ldctiqa/LDCTiqa_png/0185.png,,,,CT,,512,512,RGB,3,,,,350/40,raw,2.2,subjective_mos_0_4,,3b0c54227c2114bd268fa254099fd67701bd709c0444a79532c6f6fd150f33e0,RGB with three identical channels (grayscale replicated)
ldctiqa,0186,0186.png,data/raw/ldctiqa/LDCTiqa_png/0186.png,,,,CT,,512,512,RGB,3,,,,350/40,raw,2.6,subjective_mos_0_4,,4357595993637b456c846b8051197453cacb520ef260f297d2201e926f81ac7e,RGB with three identical channels (grayscale replicated)
ldctiqa,0187,0187.png,data/raw/ldctiqa/LDCTiqa_png/0187.png,,,,CT,,512,512,RGB,3,,,,350/40,raw,0.0,subjective_mos_0_4,,f81007cf8bd78e0255cc51865fef56f01204026e89c53d3aa32867d641e2c8ba,RGB with three identical channels (grayscale replicated)
ldctiqa,0188,0188.png,data/raw/ldctiqa/LDCTiqa_png/0188.png,,,,CT,,512,512,RGB,3,,,,350/40,raw,0.0,subjective_mos_0_4,,7ccb1f5a0b5fbc1a78db782117518048ce51e88b7ee782d0c21d1a465e5cb2e2,RGB with three identical channels (grayscale replicated)
ldctiqa,0189,0189.png,data/raw/ldctiqa/LDCTiqa_png/0189.png,,,,CT,,512,512,RGB,3,,,,350/40,raw,3.0,subjective_mos_0_4,,9d7875ca704884e0bd4558d6347272bf346105d2b41592e31800ecaea13dfe22,RGB with three identical channels (grayscale replicated)
ldctiqa,0190,0190.png,data/raw/ldctiqa/LDCTiqa_png/0190.png,,,,CT,,512,512,RGB,3,,,,350/40,raw,2.6,subjective_mos_0_4,,afade2cc28891d8dee817bdf3e6cd858cdffd2773045fd3b9ef52025d2939714,RGB with three identical channels (grayscale replicated)
ldctiqa,0191,0191.png,data/raw/ldctiqa/LDCTiqa_png/0191.png,,,,CT,,512,512,RGB,3,,,,350/40,raw,0.8,subjective_mos_0_4,,241040cfda94c3dbbd22b2611e5bad49a1354fa5e0826fd0234890ee6ae7db01,RGB with three identical channels (grayscale replicated)
ldctiqa,0192,0192.png,data/raw/ldctiqa/LDCTiqa_png/0192.png,,,,CT,,512,512,RGB,3,,,,350/40,raw,3.4,subjective_mos_0_4,,c3b2522564c99f0e6c88dca8ceaf24f372da6a8dd4d73bdcbf38e7146994948d,RGB with three identical channels (grayscale replicated)
ldctiqa,0193,0193.png,data/raw/ldctiqa/LDCTiqa_png/0193.png,,,,CT,,512,512,RGB,3,,,,350/40,raw,1.6,subjective_mos_0_4,,82233cd06dcb404b9d0a5ed6edd149865979bfea434775793ee9312c104aa0a6,RGB with three identical channels (grayscale replicated)
ldctiqa,0194,0194.png,data/raw/ldctiqa/LDCTiqa_png/0194.png,,,,CT,,512,512,RGB,3,,,,350/40,raw,1.6,subjective_mos_0_4,,2946656d6cb8f668aa26c907e0e75c107947451cf43f5082fd4b4408e4572519,RGB with three identical channels (grayscale replicated)
ldctiqa,0195,0195.png,data/raw/ldctiqa/LDCTiqa_png/0195.png,,,,CT,,512,512,RGB,3,,,,350/40,raw,2.4,subjective_mos_0_4,,98084376587bc601be7a2597904fa95216ae32c8331090adc6c6def2310e95ad,RGB with three identical channels (grayscale replicated)
ldctiqa,0196,0196.png,data/raw/ldctiqa/LDCTiqa_png/0196.png,,,,CT,,512,512,RGB,3,,,,350/40,raw,3.6,subjective_mos_0_4,,69cf9dcf0c7ac3d0269580e1dc2cf85b7ded3432526eddf93ffc80b668e0ac7a,RGB with three identical channels (grayscale replicated)
ldctiqa,0197,0197.png,data/raw/ldctiqa/LDCTiqa_png/0197.png,,,,CT,,512,512,RGB,3,,,,350/40,raw,1.8,subjective_mos_0_4,,ccc6f91069c5f8c44016b4b5b5ddecd219d226af8cd44b38d449d0a6312b4a5b,RGB with three identical channels (grayscale replicated)
ldctiqa,0198,0198.png,data/raw/ldctiqa/LDCTiqa_png/0198.png,,,,CT,,512,512,RGB,3,,,,350/40,raw,1.2,subjective_mos_0_4,,fcc933dc0ed26a84ad4da9444cf01fab5bd5261bebf0df48ffc6ed1e0fc622ed,RGB with three identical channels (grayscale replicated)
ldctiqa,0199,0199.png,data/raw/ldctiqa/LDCTiqa_png/0199.png,,,,CT,,512,512,RGB,3,,,,350/40,raw,2.2,subjective_mos_0_4,,1b5c6044bfc4f0ca869ae4cd5b768b2714bce3176d8b9d06ebedc5f9bf70c6b5,RGB with three identical channels (grayscale replicated)
ldctiqa,0200,0200.png,data/raw/ldctiqa/LDCTiqa_png/0200.png,,,,CT,,512,512,RGB,3,,,,350/40,raw,2.4,subjective_mos_0_4,,d0b854d49d87f739fe6b14e174024bc9dc08d7f75e00cb706af50cb454380700,RGB with three identical channels (grayscale replicated)
ldctiqa,0201,0201.png,data/raw/ldctiqa/LDCTiqa_png/0201.png,,,,CT,,512,512,RGB,3,,,,350/40,raw,1.8,subjective_mos_0_4,,a863377eac475a8b562af03025e8565e7add5a814a52e02b4813b168b6b18820,RGB with three identical channels (grayscale replicated)
ldctiqa,0202,0202.png,data/raw/ldctiqa/LDCTiqa_png/0202.png,,,,CT,,512,512,RGB,3,,,,350/40,raw,1.6,subjective_mos_0_4,,f3dfd3c7a51b5336ec6f9a76245ed917cf6423fe48e3e3f97febb7c3ab696b2a,RGB with three identical channels (grayscale replicated)
ldctiqa,0203,0203.png,data/raw/ldctiqa/LDCTiqa_png/0203.png,,,,CT,,512,512,RGB,3,,,,350/40,raw,2.6,subjective_mos_0_4,,725403a830da2bdd3421001f16bcf08bf84654fc3a29b7f3f1b35f88b6f738ed,RGB with three identical channels (grayscale replicated)
ldctiqa,0204,0204.png,data/raw/ldctiqa/LDCTiqa_png/0204.png,,,,CT,,512,512,RGB,3,,,,350/40,raw,2.0,subjective_mos_0_4,,3113f121ba2e14c0ee17067f9c1815238640bd082f975256326332b0bac23046,RGB with three identical channels (grayscale replicated)
ldctiqa,0205,0205.png,data/raw/ldctiqa/LDCTiqa_png/0205.png,,,,CT,,512,512,RGB,3,,,,350/40,raw,2.8,subjective_mos_0_4,,6b1bca78e6f89f531b8e7d4c10e972e6aee968920ede48fc8509d7a61df147c8,RGB with three identical channels (grayscale replicated)
ldctiqa,0206,0206.png,data/raw/ldctiqa/LDCTiqa_png/0206.png,,,,CT,,512,512,RGB,3,,,,350/40,raw,2.6,subjective_mos_0_4,,5579ce07833d6e2754bf4443bab26cd2c57ae6e11b53931961f3f1b23e63d4ec,RGB with three identical channels (grayscale replicated)
ldctiqa,0207,0207.png,data/raw/ldctiqa/LDCTiqa_png/0207.png,,,,CT,,512,512,RGB,3,,,,350/40,raw,3.0,subjective_mos_0_4,,1a0fd227f9e00685da5b52ad8d825a5dd49bea2554244f75a16ca6f1d18daa2c,RGB with three identical channels (grayscale replicated)
ldctiqa,0208,0208.png,data/raw/ldctiqa/LDCTiqa_png/0208.png,,,,CT,,512,512,RGB,3,,,,350/40,raw,0.0,subjective_mos_0_4,,be35aef91d0337b38d522dc59592bc50221f4186366f69a6e2c3a1d15ecc2427,RGB with three identical channels (grayscale replicated)
ldctiqa,0209,0209.png,data/raw/ldctiqa/LDCTiqa_png/0209.png,,,,CT,,512,512,RGB,3,,,,350/40,raw,1.6,subjective_mos_0_4,,e4b473e27a7bd68c27ef7dd360da8da34aff023c34d4156868c3b91aeb430c89,RGB with three identical channels (grayscale replicated)
ldctiqa,0210,0210.png,data/raw/ldctiqa/LDCTiqa_png/0210.png,,,,CT,,512,512,RGB,3,,,,350/40,raw,1.6,subjective_mos_0_4,,ce22d68e4ef1927a2b650c41e4cf0d023161dea3940d45b8f73d5338f054530c,RGB with three identical channels (grayscale replicated)
ldctiqa,0211,0211.png,data/raw/ldctiqa/LDCTiqa_png/0211.png,,,,CT,,512,512,RGB,3,,,,350/40,raw,1.0,subjective_mos_0_4,,5559c95d51ba59ac6f6caded340f6eb106beb2aa33126f0367dbcc3dfe46533d,RGB with three identical channels (grayscale replicated)
ldctiqa,0212,0212.png,data/raw/ldctiqa/LDCTiqa_png/0212.png,,,,CT,,512,512,RGB,3,,,,350/40,raw,0.4,subjective_mos_0_4,,217b1ac8c73e49997d346bad3c2ba83bf001b55543067f21cba2bddf068c7352,RGB with three identical channels (grayscale replicated)
ldctiqa,0213,0213.png,data/raw/ldctiqa/LDCTiqa_png/0213.png,,,,CT,,512,512,RGB,3,,,,350/40,raw,0.8,subjective_mos_0_4,,9c3609c06e27bdc06dc3139a9e10de9228cfb4c7bbe7458c5c666f99c1ddeaa8,RGB with three identical channels (grayscale replicated)
ldctiqa,0214,0214.png,data/raw/ldctiqa/LDCTiqa_png/0214.png,,,,CT,,512,512,RGB,3,,,,350/40,raw,3.2,subjective_mos_0_4,,45d1037179d9e91af122acf2c04e7ebbbe0fd597cdd667adbe810b1bf4e5c295,RGB with three identical channels (grayscale replicated)
ldctiqa,0215,0215.png,data/raw/ldctiqa/LDCTiqa_png/0215.png,,,,CT,,512,512,RGB,3,,,,350/40,raw,3.8,subjective_mos_0_4,,8e84e9985a02817d5ad975506760973b03f9773c8fd87ef14e7a6555d315bf2c,RGB with three identical channels (grayscale replicated)
ldctiqa,0216,0216.png,data/raw/ldctiqa/LDCTiqa_png/0216.png,,,,CT,,512,512,RGB,3,,,,350/40,raw,3.4,subjective_mos_0_4,,d19acd639521f11f9a0f131f2e23d613e9c61aa732a86a1214acfad7d72a6e62,RGB with three identical channels (grayscale replicated)
ldctiqa,0217,0217.png,data/raw/ldctiqa/LDCTiqa_png/0217.png,,,,CT,,512,512,RGB,3,,,,350/40,raw,3.0,subjective_mos_0_4,,aafc226f60fb1bd028c5325aa8e47c8658e05efadfc47fa25d080ebd5d442810,RGB with three identical channels (grayscale replicated)
ldctiqa,0218,0218.png,data/raw/ldctiqa/LDCTiqa_png/0218.png,,,,CT,,512,512,RGB,3,,,,350/40,raw,2.4,subjective_mos_0_4,,dba0031a7377f53da5db3b32baed8cbc2ae986670e0b620cb849a331ffbd9025,RGB with three identical channels (grayscale replicated)
ldctiqa,0219,0219.png,data/raw/ldctiqa/LDCTiqa_png/0219.png,,,,CT,,512,512,RGB,3,,,,350/40,raw,0.6,subjective_mos_0_4,,2f1ba1ec95f3b9b3544343d227c41a9536730f832d0bcd7b412d904074698f26,RGB with three identical channels (grayscale replicated)
ldctiqa,0220,0220.png,data/raw/ldctiqa/LDCTiqa_png/0220.png,,,,CT,,512,512,RGB,3,,,,350/40,raw,2.0,subjective_mos_0_4,,4cd8e88d9ba1132a43e3b7bb769977d9d44fb3ab5aac63d004030623db559002,RGB with three identical channels (grayscale replicated)
ldctiqa,0221,0221.png,data/raw/ldctiqa/LDCTiqa_png/0221.png,,,,CT,,512,512,RGB,3,,,,350/40,raw,3.0,subjective_mos_0_4,,f129b6378b161bb22f77ab82277af022ef3d4c68d99c0bce9e27bc52e2f5d559,RGB with three identical channels (grayscale replicated)
ldctiqa,0222,0222.png,data/raw/ldctiqa/LDCTiqa_png/0222.png,,,,CT,,512,512,RGB,3,,,,350/40,raw,1.4,subjective_mos_0_4,,6b15dba837a38df35f77f2fde27e06b482379359236a356b9901ef0af4544d17,RGB with three identical channels (grayscale replicated)
ldctiqa,0223,0223.png,data/raw/ldctiqa/LDCTiqa_png/0223.png,,,,CT,,512,512,RGB,3,,,,350/40,raw,1.6,subjective_mos_0_4,,95cbcaedd3e9ed46a722e1ae6650f19ea71b47a47839afdc4668308753dd3422,RGB with three identical channels (grayscale replicated)
ldctiqa,0224,0224.png,data/raw/ldctiqa/LDCTiqa_png/0224.png,,,,CT,,512,512,RGB,3,,,,350/40,raw,1.8,subjective_mos_0_4,,6f77e5a320c0c5892b31eb593089bfe61f427e7483258b7df696cd8e101ff8f4,RGB with three identical channels (grayscale replicated)
ldctiqa,0225,0225.png,data/raw/ldctiqa/LDCTiqa_png/0225.png,,,,CT,,512,512,RGB,3,,,,350/40,raw,1.8,subjective_mos_0_4,,9be25e22516880bb51c44b2f8ee41a51d3f01f50351d4e1bc3fae900a53e2359,RGB with three identical channels (grayscale replicated)
ldctiqa,0226,0226.png,data/raw/ldctiqa/LDCTiqa_png/0226.png,,,,CT,,512,512,RGB,3,,,,350/40,raw,2.4,subjective_mos_0_4,,e52b967fcf4d34369880d441c0c37ca6f7e2a69dfa729a2aa8fc0ab18045ff48,RGB with three identical channels (grayscale replicated)
ldctiqa,0227,0227.png,data/raw/ldctiqa/LDCTiqa_png/0227.png,,,,CT,,512,512,RGB,3,,,,350/40,raw,0.8,subjective_mos_0_4,,69ce9abf531f5c8178a794a5821d724c036c1f972baff37dda6eeac06adc6c78,RGB with three identical channels (grayscale replicated)
ldctiqa,0228,0228.png,data/raw/ldctiqa/LDCTiqa_png/0228.png,,,,CT,,512,512,RGB,3,,,,350/40,raw,0.8,subjective_mos_0_4,,b1190d021da6169a01e106e3bb17b18d27cdee40d468adb920faf79fb58d7bf4,RGB with three identical channels (grayscale replicated)
ldctiqa,0229,0229.png,data/raw/ldctiqa/LDCTiqa_png/0229.png,,,,CT,,512,512,RGB,3,,,,350/40,raw,3.6,subjective_mos_0_4,,2e46f7113860de6519089e38401a02a3b3430e95e90599918179f7c8993bdabc,RGB with three identical channels (grayscale replicated)
ldctiqa,0230,0230.png,data/raw/ldctiqa/LDCTiqa_png/0230.png,,,,CT,,512,512,RGB,3,,,,350/40,raw,3.4,subjective_mos_0_4,,e964bd0be79298befe81919c335a88b9f9ff0657dbd1ae79d4a2d652e3fc9e1f,RGB with three identical channels (grayscale replicated)
ldctiqa,0231,0231.png,data/raw/ldctiqa/LDCTiqa_png/0231.png,,,,CT,,512,512,RGB,3,,,,350/40,raw,0.8,subjective_mos_0_4,,960534c6d221ec1beb163cd4378ff852f2e3454229be464650a7b16f90bca586,RGB with three identical channels (grayscale replicated)
ldctiqa,0232,0232.png,data/raw/ldctiqa/LDCTiqa_png/0232.png,,,,CT,,512,512,RGB,3,,,,350/40,raw,4.0,subjective_mos_0_4,,aba7e57892aeb71af6183330480f936f9d67564781e0439513ba5c0b4dcae38b,RGB with three identical channels (grayscale replicated)
ldctiqa,0233,0233.png,data/raw/ldctiqa/LDCTiqa_png/0233.png,,,,CT,,512,512,RGB,3,,,,350/40,raw,3.4,subjective_mos_0_4,,e9df8d928eb26fa9596361089f83d2ff0b055652d32a23d8e51cd0d284c2964a,RGB with three identical channels (grayscale replicated)
ldctiqa,0234,0234.png,data/raw/ldctiqa/LDCTiqa_png/0234.png,,,,CT,,512,512,RGB,3,,,,350/40,raw,2.0,subjective_mos_0_4,,3c157a2ecc8ff079be4e166975551777316520bc2c38c8c4464bc3e7e1b8687f,RGB with three identical channels (grayscale replicated)
ldctiqa,0235,0235.png,data/raw/ldctiqa/LDCTiqa_png/0235.png,,,,CT,,512,512,RGB,3,,,,350/40,raw,0.2,subjective_mos_0_4,,86bdbb8630d0ffbade84effbf3d02f601f0cbdda9a96e8e6a152cfc731af53da,RGB with three identical channels (grayscale replicated)
ldctiqa,0236,0236.png,data/raw/ldctiqa/LDCTiqa_png/0236.png,,,,CT,,512,512,RGB,3,,,,350/40,raw,1.8,subjective_mos_0_4,,33a9b59c02af90972ca131fa5577378c9709f48cf0a84325d7b8114cb44bdbdd,RGB with three identical channels (grayscale replicated)
ldctiqa,0237,0237.png,data/raw/ldctiqa/LDCTiqa_png/0237.png,,,,CT,,512,512,RGB,3,,,,350/40,raw,2.2,subjective_mos_0_4,,5ee0d4b6a17cea4e4a3d5d6375a060e6130e789c65a2a8fde90ad8fa1e25bbfc,RGB with three identical channels (grayscale replicated)
ldctiqa,0238,0238.png,data/raw/ldctiqa/LDCTiqa_png/0238.png,,,,CT,,512,512,RGB,3,,,,350/40,raw,3.6,subjective_mos_0_4,,7e01a2a1cfb54c9b27c6110434be1a3e4b8314f0b5dea83c51e087e7360467ba,RGB with three identical channels (grayscale replicated)
ldctiqa,0239,0239.png,data/raw/ldctiqa/LDCTiqa_png/0239.png,,,,CT,,512,512,RGB,3,,,,350/40,raw,0.8,subjective_mos_0_4,,ea091b4af85b3d22bccfe5bf2a60ed6441a55da78b6b3d351c5a37d82a3c52b7,RGB with three identical channels (grayscale replicated)
ldctiqa,0240,0240.png,data/raw/ldctiqa/LDCTiqa_png/0240.png,,,,CT,,512,512,RGB,3,,,,350/40,raw,1.4,subjective_mos_0_4,,4579880c9bdabba4076145adb2ca62d73397db88ede76738ab92064565a3584f,RGB with three identical channels (grayscale replicated)
ldctiqa,0241,0241.png,data/raw/ldctiqa/LDCTiqa_png/0241.png,,,,CT,,512,512,RGB,3,,,,350/40,raw,1.8,subjective_mos_0_4,,19ca9547c9cf426a66e135a3179a8cf1f08ace6898e11e281403899dc9f2ad95,RGB with three identical channels (grayscale replicated)
ldctiqa,0242,0242.png,data/raw/ldctiqa/LDCTiqa_png/0242.png,,,,CT,,512,512,RGB,3,,,,350/40,raw,2.8,subjective_mos_0_4,,93c872dad9263fe955f312134dcb3e254a74c39a158676f8acd77e7618842fa3,RGB with three identical channels (grayscale replicated)
ldctiqa,0243,0243.png,data/raw/ldctiqa/LDCTiqa_png/0243.png,,,,CT,,512,512,RGB,3,,,,350/40,raw,1.4,subjective_mos_0_4,,ca98d24c3e5efa23d279387fab4a71b803150b3ec2aa0ab8cb04bf5a23fe78af,RGB with three identical channels (grayscale replicated)
ldctiqa,0244,0244.png,data/raw/ldctiqa/LDCTiqa_png/0244.png,,,,CT,,512,512,RGB,3,,,,350/40,raw,2.0,subjective_mos_0_4,,cd697773c67fb901836d741de4887c7ea398682b52312981386d6b1c4832a18a,RGB with three identical channels (grayscale replicated)
ldctiqa,0245,0245.png,data/raw/ldctiqa/LDCTiqa_png/0245.png,,,,CT,,512,512,RGB,3,,,,350/40,raw,1.8,subjective_mos_0_4,,dfa1607bef1dcc63e9681e1e71afb6ed671c3bdc71a49f3df4f2c073e9501d6b,RGB with three identical channels (grayscale replicated)
ldctiqa,0246,0246.png,data/raw/ldctiqa/LDCTiqa_png/0246.png,,,,CT,,512,512,RGB,3,,,,350/40,raw,3.0,subjective_mos_0_4,,1ae724babc122e234fb1acab909ded494abec8318082f45a81d1ce55dc23e169,RGB with three identical channels (grayscale replicated)
ldctiqa,0247,0247.png,data/raw/ldctiqa/LDCTiqa_png/0247.png,,,,CT,,512,512,RGB,3,,,,350/40,raw,3.6,subjective_mos_0_4,,37ad5e5da6f343e5277c11266124069bd8107a4812f4349731412243911568aa,RGB with three identical channels (grayscale replicated)
ldctiqa,0248,0248.png,data/raw/ldctiqa/LDCTiqa_png/0248.png,,,,CT,,512,512,RGB,3,,,,350/40,raw,1.2,subjective_mos_0_4,,c6139525a681db49cfea4cee4cc11c034007d8dcbbfd5ff3214e370870fe8b96,RGB with three identical channels (grayscale replicated)
ldctiqa,0249,0249.png,data/raw/ldctiqa/LDCTiqa_png/0249.png,,,,CT,,512,512,RGB,3,,,,350/40,raw,1.8,subjective_mos_0_4,,18e886da4f571d1c7cb7d0cc657d7f958a4d473c0994576b21e02e3b3b88f5a7,RGB with three identical channels (grayscale replicated)
ldctiqa,0250,0250.png,data/raw/ldctiqa/LDCTiqa_png/0250.png,,,,CT,,512,512,RGB,3,,,,350/40,raw,1.2,subjective_mos_0_4,,b45c89a946178c41ace9c65e6460a9d6d41a5404987a8d8810847314ecee465b,RGB with three identical channels (grayscale replicated)
ldctiqa,0251,0251.png,data/raw/ldctiqa/LDCTiqa_png/0251.png,,,,CT,,512,512,RGB,3,,,,350/40,raw,3.2,subjective_mos_0_4,,4911977bd776b7f0ce3f1af775ed9cd11b2979a4748b8f40f2c603cc33887a2c,RGB with three identical channels (grayscale replicated)
ldctiqa,0252,0252.png,data/raw/ldctiqa/LDCTiqa_png/0252.png,,,,CT,,512,512,RGB,3,,,,350/40,raw,0.2,subjective_mos_0_4,,69d4d42a2b462140b4089be4c572d922840d024a47a7d864c82c676cba4e3a13,RGB with three identical channels (grayscale replicated)
ldctiqa,0253,0253.png,data/raw/ldctiqa/LDCTiqa_png/0253.png,,,,CT,,512,512,RGB,3,,,,350/40,raw,1.0,subjective_mos_0_4,,0f6fae7702b408caf7eeb66d53aec3a4659625c3575eef083b67e5217aba195a,RGB with three identical channels (grayscale replicated)
ldctiqa,0254,0254.png,data/raw/ldctiqa/LDCTiqa_png/0254.png,,,,CT,,512,512,RGB,3,,,,350/40,raw,2.6,subjective_mos_0_4,,a059288ff2521bb636ace7eeac79ff0395fe134916f69ee7f8c851e2602360cf,RGB with three identical channels (grayscale replicated)
ldctiqa,0255,0255.png,data/raw/ldctiqa/LDCTiqa_png/0255.png,,,,CT,,512,512,RGB,3,,,,350/40,raw,2.4,subjective_mos_0_4,,bd0200600ed42c0bb317945017dd59f62c6a3c1e65ffbb6c867129b80fa5743b,RGB with three identical channels (grayscale replicated)
ldctiqa,0256,0256.png,data/raw/ldctiqa/LDCTiqa_png/0256.png,,,,CT,,512,512,RGB,3,,,,350/40,raw,0.8,subjective_mos_0_4,,191c31fca727634732648b986bb267ca9eff01dc38990a68e20d50389729e5eb,RGB with three identical channels (grayscale replicated)
ldctiqa,0257,0257.png,data/raw/ldctiqa/LDCTiqa_png/0257.png,,,,CT,,512,512,RGB,3,,,,350/40,raw,1.0,subjective_mos_0_4,,8852d9863d50b5ad91ef79c2e07bc73366235d74b074276d4457b32ce26d2e5c,RGB with three identical channels (grayscale replicated)
ldctiqa,0258,0258.png,data/raw/ldctiqa/LDCTiqa_png/0258.png,,,,CT,,512,512,RGB,3,,,,350/40,raw,3.6,subjective_mos_0_4,,cdf947b316fba27455ab49f5ae62e260896deefbcee940096fc95b496e3accd4,RGB with three identical channels (grayscale replicated)
ldctiqa,0259,0259.png,data/raw/ldctiqa/LDCTiqa_png/0259.png,,,,CT,,512,512,RGB,3,,,,350/40,raw,0.8,subjective_mos_0_4,,94d0f9c4e67a41dc7d3a74a36eec909632bb2f55afabc11c319e698dd9cfb917,RGB with three identical channels (grayscale replicated)
ldctiqa,0260,0260.png,data/raw/ldctiqa/LDCTiqa_png/0260.png,,,,CT,,512,512,RGB,3,,,,350/40,raw,3.4,subjective_mos_0_4,,175028f3f37ae3e1bb2b509750cc24362f2282f8b8faf1090f8de0a54c4197b9,RGB with three identical channels (grayscale replicated)
ldctiqa,0261,0261.png,data/raw/ldctiqa/LDCTiqa_png/0261.png,,,,CT,,512,512,RGB,3,,,,350/40,raw,3.6,subjective_mos_0_4,,f1b152fa332828fbc09936fbba6471d7c6bf92b2cb6c96697eb21a8b73e21260,RGB with three identical channels (grayscale replicated)
ldctiqa,0262,0262.png,data/raw/ldctiqa/LDCTiqa_png/0262.png,,,,CT,,512,512,RGB,3,,,,350/40,raw,1.0,subjective_mos_0_4,,4008252e506cceba1940e9106b93462726c130d8d95dfd6b06cd8b97893bbc58,RGB with three identical channels (grayscale replicated)
ldctiqa,0263,0263.png,data/raw/ldctiqa/LDCTiqa_png/0263.png,,,,CT,,512,512,RGB,3,,,,350/40,raw,1.6,subjective_mos_0_4,,dcc53bab4345b72dad7eda0b735082b66aa596b292e97ba00882541e6be8a8e3,RGB with three identical channels (grayscale replicated)
ldctiqa,0264,0264.png,data/raw/ldctiqa/LDCTiqa_png/0264.png,,,,CT,,512,512,RGB,3,,,,350/40,raw,1.0,subjective_mos_0_4,,ff6e8e9e04ca3d7aa478e1d37f731d8ea72ee5de1cfaf829ac599c78cf5e5702,RGB with three identical channels (grayscale replicated)
ldctiqa,0265,0265.png,data/raw/ldctiqa/LDCTiqa_png/0265.png,,,,CT,,512,512,RGB,3,,,,350/40,raw,1.8,subjective_mos_0_4,,6c215de25b3f01b5636bc44c08d6e701724303708c96375153ce468c3b858a20,RGB with three identical channels (grayscale replicated)
ldctiqa,0266,0266.png,data/raw/ldctiqa/LDCTiqa_png/0266.png,,,,CT,,512,512,RGB,3,,,,350/40,raw,0.0,subjective_mos_0_4,,bb7180ee8cd18b65538ade2aea004438df686bd01051f3a0e4c5c02ad89bfcb3,RGB with three identical channels (grayscale replicated)
ldctiqa,0267,0267.png,data/raw/ldctiqa/LDCTiqa_png/0267.png,,,,CT,,512,512,RGB,3,,,,350/40,raw,2.2,subjective_mos_0_4,,8139bbebb21a26277791873705c1c173b92e9dc067d65d90aa072644edc7670f,RGB with three identical channels (grayscale replicated)
ldctiqa,0268,0268.png,data/raw/ldctiqa/LDCTiqa_png/0268.png,,,,CT,,512,512,RGB,3,,,,350/40,raw,1.4,subjective_mos_0_4,,2e70046f6f4091cb6f4f70e5f245127fb41c823f1a9d7d20cbfca04a830607c7,RGB with three identical channels (grayscale replicated)
ldctiqa,0269,0269.png,data/raw/ldctiqa/LDCTiqa_png/0269.png,,,,CT,,512,512,RGB,3,,,,350/40,raw,2.2,subjective_mos_0_4,,a6ccaa959a759f40624f5eaf1e683086ad3776fdb35a0e841293bf0485e941f2,RGB with three identical channels (grayscale replicated)
ldctiqa,0270,0270.png,data/raw/ldctiqa/LDCTiqa_png/0270.png,,,,CT,,512,512,RGB,3,,,,350/40,raw,3.0,subjective_mos_0_4,,c730c6e4a424ff816980dd8381c3008bd2f194fc9a6d57c8f781172004e8dd34,RGB with three identical channels (grayscale replicated)
ldctiqa,0271,0271.png,data/raw/ldctiqa/LDCTiqa_png/0271.png,,,,CT,,512,512,RGB,3,,,,350/40,raw,3.8,subjective_mos_0_4,,43f08f8b77e7edd8f9713dd142c8e5677659bb1d7c2531665ff27ceeb8eab303,RGB with three identical channels (grayscale replicated)
ldctiqa,0272,0272.png,data/raw/ldctiqa/LDCTiqa_png/0272.png,,,,CT,,512,512,RGB,3,,,,350/40,raw,1.2,subjective_mos_0_4,,8fa897fc78b1d4e839998ef3227d4a89568d1888e7cbc97717ea25b21d42e564,RGB with three identical channels (grayscale replicated)
ldctiqa,0273,0273.png,data/raw/ldctiqa/LDCTiqa_png/0273.png,,,,CT,,512,512,RGB,3,,,,350/40,raw,1.6,subjective_mos_0_4,,1a2f4e007a48660214a962ab25390d9d1d48aca406ae521988449c59634c38f3,RGB with three identical channels (grayscale replicated)
ldctiqa,0274,0274.png,data/raw/ldctiqa/LDCTiqa_png/0274.png,,,,CT,,512,512,RGB,3,,,,350/40,raw,2.6,subjective_mos_0_4,,97af1e300d8c4c6a196bc6e6ddbf436f2402f31e1c324f2e887a9f5db008103d,RGB with three identical channels (grayscale replicated)
ldctiqa,0275,0275.png,data/raw/ldctiqa/LDCTiqa_png/0275.png,,,,CT,,512,512,RGB,3,,,,350/40,raw,3.4,subjective_mos_0_4,,2f94fbe4a4971b1aafbf70affe66d619f1dd849466f70a954f36cdb395bcc55e,RGB with three identical channels (grayscale replicated)
ldctiqa,0276,0276.png,data/raw/ldctiqa/LDCTiqa_png/0276.png,,,,CT,,512,512,RGB,3,,,,350/40,raw,1.6,subjective_mos_0_4,,0e5a4869504ed0ab67976e9d60ef32fd50190f5dc82eed74945dec54871337a1,RGB with three identical channels (grayscale replicated)
ldctiqa,0277,0277.png,data/raw/ldctiqa/LDCTiqa_png/0277.png,,,,CT,,512,512,RGB,3,,,,350/40,raw,2.0,subjective_mos_0_4,,697684e688f3788401b4d55ec2c9f24f88a230d3f6b6c2b4850ffca3b1d37033,RGB with three identical channels (grayscale replicated)
ldctiqa,0278,0278.png,data/raw/ldctiqa/LDCTiqa_png/0278.png,,,,CT,,512,512,RGB,3,,,,350/40,raw,4.0,subjective_mos_0_4,,0eee1710e81ca1c11cb1f045d63a3c0d0e2789956811d4bd7886decd415ad5fe,RGB with three identical channels (grayscale replicated)
ldctiqa,0279,0279.png,data/raw/ldctiqa/LDCTiqa_png/0279.png,,,,CT,,512,512,RGB,3,,,,350/40,raw,3.4,subjective_mos_0_4,,43eb1faa25c15ce7e0de314029cd2443f08c1485ab32e52ce493cea0c43b3a83,RGB with three identical channels (grayscale replicated)
ldctiqa,0280,0280.png,data/raw/ldctiqa/LDCTiqa_png/0280.png,,,,CT,,512,512,RGB,3,,,,350/40,raw,3.8,subjective_mos_0_4,,e80013f192b2c4a06d8263e1c4c95628d2685a0c4c3512ed3eb076e9cf975200,RGB with three identical channels (grayscale replicated)
ldctiqa,0281,0281.png,data/raw/ldctiqa/LDCTiqa_png/0281.png,,,,CT,,512,512,RGB,3,,,,350/40,raw,0.0,subjective_mos_0_4,,c2f2e757db77ef16a2a04c393a1c1994441c23d39e30f9fa6205ddec681ba5cc,RGB with three identical channels (grayscale replicated)
ldctiqa,0282,0282.png,data/raw/ldctiqa/LDCTiqa_png/0282.png,,,,CT,,512,512,RGB,3,,,,350/40,raw,0.6,subjective_mos_0_4,,f7300645c54a8ca5278a9c451937c4d27b612a72b1b334a542b6dfa74ba175ad,RGB with three identical channels (grayscale replicated)
ldctiqa,0283,0283.png,data/raw/ldctiqa/LDCTiqa_png/0283.png,,,,CT,,512,512,RGB,3,,,,350/40,raw,1.2,subjective_mos_0_4,,272c98d59e42ed8ac9e873be28a73c1bf2f5426731c44ab6fe571c81c051b867,RGB with three identical channels (grayscale replicated)
ldctiqa,0284,0284.png,data/raw/ldctiqa/LDCTiqa_png/0284.png,,,,CT,,512,512,RGB,3,,,,350/40,raw,2.4,subjective_mos_0_4,,37e500fd7c078bd1921a90446071a1e7f2340f86a114d0e428fb3c690b023b53,RGB with three identical channels (grayscale replicated)
ldctiqa,0285,0285.png,data/raw/ldctiqa/LDCTiqa_png/0285.png,,,,CT,,512,512,RGB,3,,,,350/40,raw,1.0,subjective_mos_0_4,,c69cd77fee4cad5837f86a9661eb6efa5ac0d9d4ec8ea5beb40997c4c0b6f54a,RGB with three identical channels (grayscale replicated)
ldctiqa,0286,0286.png,data/raw/ldctiqa/LDCTiqa_png/0286.png,,,,CT,,512,512,RGB,3,,,,350/40,raw,3.8,subjective_mos_0_4,,863d048c2418695b955907599a96ce83f8ba2ca1914666c797653c9ba008ba86,RGB with three identical channels (grayscale replicated)
ldctiqa,0287,0287.png,data/raw/ldctiqa/LDCTiqa_png/0287.png,,,,CT,,512,512,RGB,3,,,,350/40,raw,2.0,subjective_mos_0_4,,ca420a0a13fafd2f97596cf24ab739c52ff9753179a60c02ab46e7f2736c09aa,RGB with three identical channels (grayscale replicated)
ldctiqa,0288,0288.png,data/raw/ldctiqa/LDCTiqa_png/0288.png,,,,CT,,512,512,RGB,3,,,,350/40,raw,2.4,subjective_mos_0_4,,7dbd5033a98f26b25b76fa6764fc797596726e9771cbd93e1556a839182aeee6,RGB with three identical channels (grayscale replicated)
ldctiqa,0289,0289.png,data/raw/ldctiqa/LDCTiqa_png/0289.png,,,,CT,,512,512,RGB,3,,,,350/40,raw,3.4,subjective_mos_0_4,,257a3b2f302fb5d087a7f796b3eed3586aa44800576f145eed5ebe7a4e3316f1,RGB with three identical channels (grayscale replicated)
ldctiqa,0290,0290.png,data/raw/ldctiqa/LDCTiqa_png/0290.png,,,,CT,,512,512,RGB,3,,,,350/40,raw,2.2,subjective_mos_0_4,,838d8497104c39354b213278f6d706c037e4296429ba7f02b5783fbfd1fc9187,RGB with three identical channels (grayscale replicated)
ldctiqa,0291,0291.png,data/raw/ldctiqa/LDCTiqa_png/0291.png,,,,CT,,512,512,RGB,3,,,,350/40,raw,3.6,subjective_mos_0_4,,0159b29a0faabea208cb71c5cf7b4e67014be708f8fb551b4d86b65f245153b8,RGB with three identical channels (grayscale replicated)
ldctiqa,0292,0292.png,data/raw/ldctiqa/LDCTiqa_png/0292.png,,,,CT,,512,512,RGB,3,,,,350/40,raw,2.8,subjective_mos_0_4,,61415845ac5f620bc8e47fff486d1438713e3b578e1a932bf203664d62b82ba6,RGB with three identical channels (grayscale replicated)
ldctiqa,0293,0293.png,data/raw/ldctiqa/LDCTiqa_png/0293.png,,,,CT,,512,512,RGB,3,,,,350/40,raw,3.8,subjective_mos_0_4,,06ba59d865928dee21c08ccc2d9a63e7eff32bbedec735d076b807fc54aca0b8,RGB with three identical channels (grayscale replicated)
ldctiqa,0294,0294.png,data/raw/ldctiqa/LDCTiqa_png/0294.png,,,,CT,,512,512,RGB,3,,,,350/40,raw,0.0,subjective_mos_0_4,,f9966a4a73a00c70bfdd9ad293e86e254eba061a5702f16772e9cdbc66b9fda1,RGB with three identical channels (grayscale replicated)
ldctiqa,0295,0295.png,data/raw/ldctiqa/LDCTiqa_png/0295.png,,,,CT,,512,512,RGB,3,,,,350/40,raw,0.8,subjective_mos_0_4,,9ed420eaf37e37c2094f274d294a72083aa1f44c3fcf7737f791ec4e88707307,RGB with three identical channels (grayscale replicated)
ldctiqa,0296,0296.png,data/raw/ldctiqa/LDCTiqa_png/0296.png,,,,CT,,512,512,RGB,3,,,,350/40,raw,1.0,subjective_mos_0_4,,1aae10838d2e3d667c50770b199f506f9b3c9c5d7f3d5054faa9ae34618b7051,RGB with three identical channels (grayscale replicated)
ldctiqa,0297,0297.png,data/raw/ldctiqa/LDCTiqa_png/0297.png,,,,CT,,512,512,RGB,3,,,,350/40,raw,1.4,subjective_mos_0_4,,1fee529db0928e0eda10113640fe2410d5db95c97f5684430297b64b63a24124,RGB with three identical channels (grayscale replicated)
ldctiqa,0298,0298.png,data/raw/ldctiqa/LDCTiqa_png/0298.png,,,,CT,,512,512,RGB,3,,,,350/40,raw,3.0,subjective_mos_0_4,,9690e58d04dc1e06486e510b556dbf1211559f467eb686416574a05a4e1034ac,RGB with three identical channels (grayscale replicated)
ldctiqa,0299,0299.png,data/raw/ldctiqa/LDCTiqa_png/0299.png,,,,CT,,512,512,RGB,3,,,,350/40,raw,2.8,subjective_mos_0_4,,79c402cf485e620f162fb792042b6d400868303768505360dbeeda4d1575d889,RGB with three identical channels (grayscale replicated)
ldctiqa,0300,0300.png,data/raw/ldctiqa/LDCTiqa_png/0300.png,,,,CT,,512,512,RGB,3,,,,350/40,raw,2.4,subjective_mos_0_4,,0e2cc20721f388f656b3ce167b7c215276ff3e0733f92a8ff2b4dd842c7253f0,RGB with three identical channels (grayscale replicated)
ldctiqa,0301,0301.png,data/raw/ldctiqa/LDCTiqa_png/0301.png,,,,CT,,512,512,RGB,3,,,,350/40,raw,1.4,subjective_mos_0_4,,903df656b57963244b316c9d144e6d5a0a4afe126cc1cf3a0e12e71a939a5e3c,RGB with three identical channels (grayscale replicated)
ldctiqa,0302,0302.png,data/raw/ldctiqa/LDCTiqa_png/0302.png,,,,CT,,512,512,RGB,3,,,,350/40,raw,3.2,subjective_mos_0_4,,6f225bca61c55a0ba156c74c104b026823d40dd94462edbbeb4485c694e94d1e,RGB with three identical channels (grayscale replicated)
ldctiqa,0303,0303.png,data/raw/ldctiqa/LDCTiqa_png/0303.png,,,,CT,,512,512,RGB,3,,,,350/40,raw,1.8,subjective_mos_0_4,,9fe948338162c482fd10db9797c49a43236be12b742016a92c46f29532ff0545,RGB with three identical channels (grayscale replicated)
ldctiqa,0304,0304.png,data/raw/ldctiqa/LDCTiqa_png/0304.png,,,,CT,,512,512,RGB,3,,,,350/40,raw,4.0,subjective_mos_0_4,,8689a0ac7b2bccae0b6eb3c3b2cf85389362604d7f105625ef7edf6941b11c6e,RGB with three identical channels (grayscale replicated)
ldctiqa,0305,0305.png,data/raw/ldctiqa/LDCTiqa_png/0305.png,,,,CT,,512,512,RGB,3,,,,350/40,raw,2.8,subjective_mos_0_4,,0b33ce06bb58aaf82f7104e63d82fa924cd74999f5f29e389d85fe1e32c43e2e,RGB with three identical channels (grayscale replicated)
ldctiqa,0306,0306.png,data/raw/ldctiqa/LDCTiqa_png/0306.png,,,,CT,,512,512,RGB,3,,,,350/40,raw,0.8,subjective_mos_0_4,,ca544dff85eaa111acd013f138c7eb2a244cf4535f2b87a8bcf36ef971afcd5d,RGB with three identical channels (grayscale replicated)
ldctiqa,0307,0307.png,data/raw/ldctiqa/LDCTiqa_png/0307.png,,,,CT,,512,512,RGB,3,,,,350/40,raw,3.4,subjective_mos_0_4,,c6e020dac74c372ac2fba4c5a2ce7acd430ad058b17374604693e033d509c57c,RGB with three identical channels (grayscale replicated)
ldctiqa,0308,0308.png,data/raw/ldctiqa/LDCTiqa_png/0308.png,,,,CT,,512,512,RGB,3,,,,350/40,raw,1.8,subjective_mos_0_4,,aff54fe5e2b586217423e8aae5c0872d582f3662ec422540e98f7e9177e89176,RGB with three identical channels (grayscale replicated)
ldctiqa,0309,0309.png,data/raw/ldctiqa/LDCTiqa_png/0309.png,,,,CT,,512,512,RGB,3,,,,350/40,raw,2.4,subjective_mos_0_4,,8c25638788da20ade0afd0650c5605978a7a85d803fb59b45b72f5a5bfbbac0f,RGB with three identical channels (grayscale replicated)
ldctiqa,0310,0310.png,data/raw/ldctiqa/LDCTiqa_png/0310.png,,,,CT,,512,512,RGB,3,,,,350/40,raw,3.0,subjective_mos_0_4,,3cbbbb9a27122b1ed7da34e7aa3ae703a24c74bf3db4bba4c239bfafd6376511,RGB with three identical channels (grayscale replicated)
ldctiqa,0311,0311.png,data/raw/ldctiqa/LDCTiqa_png/0311.png,,,,CT,,512,512,RGB,3,,,,350/40,raw,2.6,subjective_mos_0_4,,45ca3d3cf0658c41f71a25230ff5e381c1f7f0af2fcc940e3deacb1a11801082,RGB with three identical channels (grayscale replicated)
ldctiqa,0312,0312.png,data/raw/ldctiqa/LDCTiqa_png/0312.png,,,,CT,,512,512,RGB,3,,,,350/40,raw,4.0,subjective_mos_0_4,,3e7ea3eac37e74fd932b5fa9910fc7606007fcd15087fbb299e9608c9b94754e,RGB with three identical channels (grayscale replicated)
ldctiqa,0313,0313.png,data/raw/ldctiqa/LDCTiqa_png/0313.png,,,,CT,,512,512,RGB,3,,,,350/40,raw,2.4,subjective_mos_0_4,,808eb436bcbccb5c8c3fdf44ca7c1914daae554d8572b75f4ca0ae82818cbd66,RGB with three identical channels (grayscale replicated)
ldctiqa,0314,0314.png,data/raw/ldctiqa/LDCTiqa_png/0314.png,,,,CT,,512,512,RGB,3,,,,350/40,raw,0.0,subjective_mos_0_4,,4713f91c343df52800cc6981cab7a6f6a4dc9923255a5de30c4d5da435ff4614,RGB with three identical channels (grayscale replicated)
ldctiqa,0315,0315.png,data/raw/ldctiqa/LDCTiqa_png/0315.png,,,,CT,,512,512,RGB,3,,,,350/40,raw,2.0,subjective_mos_0_4,,7526dc404549cc27a4cf97c646a206df5269d2971dfa9d2eb99e82d2a034c82f,RGB with three identical channels (grayscale replicated)
ldctiqa,0316,0316.png,data/raw/ldctiqa/LDCTiqa_png/0316.png,,,,CT,,512,512,RGB,3,,,,350/40,raw,3.8,subjective_mos_0_4,,9528c5f2598fb1e27b3c058466f66b2cf54611094bcf1702de43758d74f9d76e,RGB with three identical channels (grayscale replicated)
ldctiqa,0317,0317.png,data/raw/ldctiqa/LDCTiqa_png/0317.png,,,,CT,,512,512,RGB,3,,,,350/40,raw,1.4,subjective_mos_0_4,,6723cf5957a68cf5b97fc3b90d78e0d386f9e4d5f50a3ccd8b054ce0556df7a4,RGB with three identical channels (grayscale replicated)
ldctiqa,0318,0318.png,data/raw/ldctiqa/LDCTiqa_png/0318.png,,,,CT,,512,512,RGB,3,,,,350/40,raw,3.4,subjective_mos_0_4,,e0acc4687c7dc833e793f4785ac3f6d0b82890755ed0b5143abbc21c1e54b4b5,RGB with three identical channels (grayscale replicated)
ldctiqa,0319,0319.png,data/raw/ldctiqa/LDCTiqa_png/0319.png,,,,CT,,512,512,RGB,3,,,,350/40,raw,1.6,subjective_mos_0_4,,878e42e252f385776ec06986ac3de6164d92ed3eeb749410ebc0f8e8d3ba5a18,RGB with three identical channels (grayscale replicated)
ldctiqa,0320,0320.png,data/raw/ldctiqa/LDCTiqa_png/0320.png,,,,CT,,512,512,RGB,3,,,,350/40,raw,0.8,subjective_mos_0_4,,8504a978a2d2e44d45d27150d1419d8d964c42ced2daf2ccff3f544aba0d0100,RGB with three identical channels (grayscale replicated)
ldctiqa,0321,0321.png,data/raw/ldctiqa/LDCTiqa_png/0321.png,,,,CT,,512,512,RGB,3,,,,350/40,raw,1.0,subjective_mos_0_4,,e3959ef7f802c7f3ce9c47aad69a1264d5053d89a4b87bc9f7d4b787d6b11d6f,RGB with three identical channels (grayscale replicated)
ldctiqa,0322,0322.png,data/raw/ldctiqa/LDCTiqa_png/0322.png,,,,CT,,512,512,RGB,3,,,,350/40,raw,2.4,subjective_mos_0_4,,0b4f88e086a6c85c0f7ca8d2c26c6209125e96b0a843649424f9f7ab4b2099f4,RGB with three identical channels (grayscale replicated)
ldctiqa,0323,0323.png,data/raw/ldctiqa/LDCTiqa_png/0323.png,,,,CT,,512,512,RGB,3,,,,350/40,raw,2.2,subjective_mos_0_4,,8b270c57c85bb28a2bca4651bfc1b1183e5b33781c11b441d79b58af7722afa6,RGB with three identical channels (grayscale replicated)
ldctiqa,0324,0324.png,data/raw/ldctiqa/LDCTiqa_png/0324.png,,,,CT,,512,512,RGB,3,,,,350/40,raw,1.6,subjective_mos_0_4,,6a9b52b3916826380b86735ad1506f52ae14fb777fb499f57d293cf5385ab7a0,RGB with three identical channels (grayscale replicated)
ldctiqa,0325,0325.png,data/raw/ldctiqa/LDCTiqa_png/0325.png,,,,CT,,512,512,RGB,3,,,,350/40,raw,3.0,subjective_mos_0_4,,7a91390c580f72f0053cad2e79292b69236163c9deec73330eaee39a8c33d5c1,RGB with three identical channels (grayscale replicated)
ldctiqa,0326,0326.png,data/raw/ldctiqa/LDCTiqa_png/0326.png,,,,CT,,512,512,RGB,3,,,,350/40,raw,1.8,subjective_mos_0_4,,ada9e10bc47940a57a29c83f048e02fb7da9aa38a4f7cf9dfd8ea664e50dcd03,RGB with three identical channels (grayscale replicated)
ldctiqa,0327,0327.png,data/raw/ldctiqa/LDCTiqa_png/0327.png,,,,CT,,512,512,RGB,3,,,,350/40,raw,1.0,subjective_mos_0_4,,f6a12d642c52577a173de8448cc4d61e6367cbe2958b2c8d3d4bb308dc998a85,RGB with three identical channels (grayscale replicated)
ldctiqa,0328,0328.png,data/raw/ldctiqa/LDCTiqa_png/0328.png,,,,CT,,512,512,RGB,3,,,,350/40,raw,2.2,subjective_mos_0_4,,5c4289ee36d6e7873102d823eb2a1df4b2e3f58bcbf03d49a92f7c708f8fba2d,RGB with three identical channels (grayscale replicated)
ldctiqa,0329,0329.png,data/raw/ldctiqa/LDCTiqa_png/0329.png,,,,CT,,512,512,RGB,3,,,,350/40,raw,0.2,subjective_mos_0_4,,3d98e9e544f788ae0f9c47a3383e5f4ed36a6c057ace93d08eaa3cecd2dc2173,RGB with three identical channels (grayscale replicated)
ldctiqa,0330,0330.png,data/raw/ldctiqa/LDCTiqa_png/0330.png,,,,CT,,512,512,RGB,3,,,,350/40,raw,1.0,subjective_mos_0_4,,d0a30b51a7cb022fdf9e7b54525e61e5575dd0d11631dc88722fdb04809f25c0,RGB with three identical channels (grayscale replicated)
ldctiqa,0331,0331.png,data/raw/ldctiqa/LDCTiqa_png/0331.png,,,,CT,,512,512,RGB,3,,,,350/40,raw,4.0,subjective_mos_0_4,,e2b11526dc3adcff7731fe699cd9a1ce3d69d02b070e99cd707ca2652f8e1c06,RGB with three identical channels (grayscale replicated)
ldctiqa,0332,0332.png,data/raw/ldctiqa/LDCTiqa_png/0332.png,,,,CT,,512,512,RGB,3,,,,350/40,raw,0.6,subjective_mos_0_4,,6024709b513a0a1aa9d7b245197b9bff10bed2f13d62747c0f699c36d71db80c,RGB with three identical channels (grayscale replicated)
ldctiqa,0333,0333.png,data/raw/ldctiqa/LDCTiqa_png/0333.png,,,,CT,,512,512,RGB,3,,,,350/40,raw,1.0,subjective_mos_0_4,,c37492ce17f539651432212fa21ab5d7af288c5a3d1019f5f4044fadcdd9cdb4,RGB with three identical channels (grayscale replicated)
ldctiqa,0334,0334.png,data/raw/ldctiqa/LDCTiqa_png/0334.png,,,,CT,,512,512,RGB,3,,,,350/40,raw,2.6,subjective_mos_0_4,,3b187ed47d4e47c99738d180934dca580920a7db7c7ad565bbc05508429fb368,RGB with three identical channels (grayscale replicated)
ldctiqa,0335,0335.png,data/raw/ldctiqa/LDCTiqa_png/0335.png,,,,CT,,512,512,RGB,3,,,,350/40,raw,0.8,subjective_mos_0_4,,ebbe59ffacac7050631df98a2ad64a9d1df9dd68db2412cd6990c955c24eca9c,RGB with three identical channels (grayscale replicated)
ldctiqa,0336,0336.png,data/raw/ldctiqa/LDCTiqa_png/0336.png,,,,CT,,512,512,RGB,3,,,,350/40,raw,2.0,subjective_mos_0_4,,b93515223cd747ac1bdf32ae3c283ac17b46baba60dc91532bd98f6d8bbdea10,RGB with three identical channels (grayscale replicated)
ldctiqa,0337,0337.png,data/raw/ldctiqa/LDCTiqa_png/0337.png,,,,CT,,512,512,RGB,3,,,,350/40,raw,3.6,subjective_mos_0_4,,2c6d617b920bd8bcd8dffae4d068df3ba78fe63646737a3ae2203353019f30c1,RGB with three identical channels (grayscale replicated)
ldctiqa,0338,0338.png,data/raw/ldctiqa/LDCTiqa_png/0338.png,,,,CT,,512,512,RGB,3,,,,350/40,raw,3.4,subjective_mos_0_4,,c4ccca830b6efc94818b18db39913704a7b58133f49f04886ef3e90cc52e46fd,RGB with three identical channels (grayscale replicated)
ldctiqa,0339,0339.png,data/raw/ldctiqa/LDCTiqa_png/0339.png,,,,CT,,512,512,RGB,3,,,,350/40,raw,2.0,subjective_mos_0_4,,af92d2da4dcf3d7cb329452480971a0507081e6f39dfdfd16514ba5591fd0b98,RGB with three identical channels (grayscale replicated)
ldctiqa,0340,0340.png,data/raw/ldctiqa/LDCTiqa_png/0340.png,,,,CT,,512,512,RGB,3,,,,350/40,raw,2.8,subjective_mos_0_4,,477d1a13bd0c46e368c4490d16a211504a27af0b852f682ff58c059e4ee5be06,RGB with three identical channels (grayscale replicated)
ldctiqa,0341,0341.png,data/raw/ldctiqa/LDCTiqa_png/0341.png,,,,CT,,512,512,RGB,3,,,,350/40,raw,2.2,subjective_mos_0_4,,6685b1ae7b6f2ac0caba3d086ee067bc175820e874363d566b7a2d5e739ba48c,RGB with three identical channels (grayscale replicated)
ldctiqa,0342,0342.png,data/raw/ldctiqa/LDCTiqa_png/0342.png,,,,CT,,512,512,RGB,3,,,,350/40,raw,3.8,subjective_mos_0_4,,dff3ebc700a77eed95fdacd5febd92bda00a1434b31d0ecf427a2b9a55120d71,RGB with three identical channels (grayscale replicated)
ldctiqa,0343,0343.png,data/raw/ldctiqa/LDCTiqa_png/0343.png,,,,CT,,512,512,RGB,3,,,,350/40,raw,0.2,subjective_mos_0_4,,0c4f405fd1031ffc1ee9f1aaa341ee8617b5f65621421bedae8d8567693199dd,RGB with three identical channels (grayscale replicated)
ldctiqa,0344,0344.png,data/raw/ldctiqa/LDCTiqa_png/0344.png,,,,CT,,512,512,RGB,3,,,,350/40,raw,4.0,subjective_mos_0_4,,fea163036ee405bc9b29b09a3f7013d459da48dd3c738d02b2468349777f93df,RGB with three identical channels (grayscale replicated)
ldctiqa,0345,0345.png,data/raw/ldctiqa/LDCTiqa_png/0345.png,,,,CT,,512,512,RGB,3,,,,350/40,raw,1.8,subjective_mos_0_4,,cecf2f8276335aeb273b736bd978df90982c0fb2f488e8607d8593b6c25ba154,RGB with three identical channels (grayscale replicated)
ldctiqa,0346,0346.png,data/raw/ldctiqa/LDCTiqa_png/0346.png,,,,CT,,512,512,RGB,3,,,,350/40,raw,3.6,subjective_mos_0_4,,3ad3c5a4ab02b79bbf8adcb54e265a177fbc221e7308f0d044424bc30b8a9c9d,RGB with three identical channels (grayscale replicated)
ldctiqa,0347,0347.png,data/raw/ldctiqa/LDCTiqa_png/0347.png,,,,CT,,512,512,RGB,3,,,,350/40,raw,1.8,subjective_mos_0_4,,82c245073d052b4d59c7abe70a31c31cde6d3dd6f41db7763616f05ccd2115bb,RGB with three identical channels (grayscale replicated)
ldctiqa,0348,0348.png,data/raw/ldctiqa/LDCTiqa_png/0348.png,,,,CT,,512,512,RGB,3,,,,350/40,raw,3.0,subjective_mos_0_4,,3545193330d207ae24f0590bb3c58ae03ab25cc5e69be6cde054019e8769db85,RGB with three identical channels (grayscale replicated)
ldctiqa,0349,0349.png,data/raw/ldctiqa/LDCTiqa_png/0349.png,,,,CT,,512,512,RGB,3,,,,350/40,raw,2.2,subjective_mos_0_4,,9cb50242234b06c122435b8497c71118d578f2c78c850aaa50854cca49f78bac,RGB with three identical channels (grayscale replicated)
ldctiqa,0350,0350.png,data/raw/ldctiqa/LDCTiqa_png/0350.png,,,,CT,,512,512,RGB,3,,,,350/40,raw,3.6,subjective_mos_0_4,,af9703b55ebf585df99ba536b946e72253a6058bbf304e5ad78927756e924652,RGB with three identical channels (grayscale replicated)
ldctiqa,0351,0351.png,data/raw/ldctiqa/LDCTiqa_png/0351.png,,,,CT,,512,512,RGB,3,,,,350/40,raw,1.0,subjective_mos_0_4,,e31e33ca712a7b562f7674b3877211e893bec8d83b8c725f622718c0653e28c2,RGB with three identical channels (grayscale replicated)
ldctiqa,0352,0352.png,data/raw/ldctiqa/LDCTiqa_png/0352.png,,,,CT,,512,512,RGB,3,,,,350/40,raw,3.0,subjective_mos_0_4,,3faca484e594444527406273f3373533f0ee0c549c771d53d5e4599ae41f1dce,RGB with three identical channels (grayscale replicated)
ldctiqa,0353,0353.png,data/raw/ldctiqa/LDCTiqa_png/0353.png,,,,CT,,512,512,RGB,3,,,,350/40,raw,3.8,subjective_mos_0_4,,87ef78103c95b8eae4546e29edda8695bd5357d5d1fdffe55b376abf22d36aac,RGB with three identical channels (grayscale replicated)
ldctiqa,0354,0354.png,data/raw/ldctiqa/LDCTiqa_png/0354.png,,,,CT,,512,512,RGB,3,,,,350/40,raw,2.2,subjective_mos_0_4,,598df0f48529fa777edcbc1a2451dce0a0f824763c9a0532a7046a453d5ad8bc,RGB with three identical channels (grayscale replicated)
ldctiqa,0355,0355.png,data/raw/ldctiqa/LDCTiqa_png/0355.png,,,,CT,,512,512,RGB,3,,,,350/40,raw,2.2,subjective_mos_0_4,,cdb6ba4e3c9665bd0f43873a55f6e887efcfd32d71bd139dee5e799129f74989,RGB with three identical channels (grayscale replicated)
ldctiqa,0356,0356.png,data/raw/ldctiqa/LDCTiqa_png/0356.png,,,,CT,,512,512,RGB,3,,,,350/40,raw,1.0,subjective_mos_0_4,,1e661495775592f7de3d8ab66e9fbd74c3f4aacfa10f79dda8750dc9eaff6b30,RGB with three identical channels (grayscale replicated)
ldctiqa,0357,0357.png,data/raw/ldctiqa/LDCTiqa_png/0357.png,,,,CT,,512,512,RGB,3,,,,350/40,raw,1.8,subjective_mos_0_4,,dd98ad920afb2994949a1a3103a04daee24d0233799566bb0ff22b1fb3357abd,RGB with three identical channels (grayscale replicated)
ldctiqa,0358,0358.png,data/raw/ldctiqa/LDCTiqa_png/0358.png,,,,CT,,512,512,RGB,3,,,,350/40,raw,0.4,subjective_mos_0_4,,730e13108f4ee406b954e8a0ca3336ab81d6eb55a7eaca401112ee8274e32423,RGB with three identical channels (grayscale replicated)
ldctiqa,0359,0359.png,data/raw/ldctiqa/LDCTiqa_png/0359.png,,,,CT,,512,512,RGB,3,,,,350/40,raw,1.6,subjective_mos_0_4,,f1f128361aca8f9de2092736c66311dcb69ec72ba5a0e26cf61645adcb5d8a6c,RGB with three identical channels (grayscale replicated)
ldctiqa,0360,0360.png,data/raw/ldctiqa/LDCTiqa_png/0360.png,,,,CT,,512,512,RGB,3,,,,350/40,raw,3.0,subjective_mos_0_4,,1f7ff549c231d7f814d47f79c0daed0592ac0c4aabd6c0c1664bd985dd621e27,RGB with three identical channels (grayscale replicated)
ldctiqa,0361,0361.png,data/raw/ldctiqa/LDCTiqa_png/0361.png,,,,CT,,512,512,RGB,3,,,,350/40,raw,2.2,subjective_mos_0_4,,dc2b633ad16938f225c4a15a4b9e7d0fd8fb836b707a16d8adf9e87f436d530c,RGB with three identical channels (grayscale replicated)
ldctiqa,0362,0362.png,data/raw/ldctiqa/LDCTiqa_png/0362.png,,,,CT,,512,512,RGB,3,,,,350/40,raw,3.6,subjective_mos_0_4,,387e6b9a49f266c02815b0d991c75606ae353d0faea24796ce3b51af88e02fae,RGB with three identical channels (grayscale replicated)
ldctiqa,0363,0363.png,data/raw/ldctiqa/LDCTiqa_png/0363.png,,,,CT,,512,512,RGB,3,,,,350/40,raw,0.6,subjective_mos_0_4,,0e3702bd82356696b569c050fed5274bafe254b35620faa497c48ae36e4118ae,RGB with three identical channels (grayscale replicated)
ldctiqa,0364,0364.png,data/raw/ldctiqa/LDCTiqa_png/0364.png,,,,CT,,512,512,RGB,3,,,,350/40,raw,2.4,subjective_mos_0_4,,434faa6a70603bb304eb020129cc4e516df1cfb0f4f06ef2270bdb0f01db7838,RGB with three identical channels (grayscale replicated)
ldctiqa,0365,0365.png,data/raw/ldctiqa/LDCTiqa_png/0365.png,,,,CT,,512,512,RGB,3,,,,350/40,raw,2.8,subjective_mos_0_4,,8a76a138fb2c427f32740c2cf91150d620d45251f5785706d1654c113934266c,RGB with three identical channels (grayscale replicated)
ldctiqa,0366,0366.png,data/raw/ldctiqa/LDCTiqa_png/0366.png,,,,CT,,512,512,RGB,3,,,,350/40,raw,2.4,subjective_mos_0_4,,2f0eeb8adbd87a328f6f69cece231d9ef06f36089244d329e0a1e2127575c69b,RGB with three identical channels (grayscale replicated)
ldctiqa,0367,0367.png,data/raw/ldctiqa/LDCTiqa_png/0367.png,,,,CT,,512,512,RGB,3,,,,350/40,raw,0.6,subjective_mos_0_4,,3c4ac32a28356ec74cca3dcd18a912014edd1384958744af2f8e34973fab8449,RGB with three identical channels (grayscale replicated)
ldctiqa,0368,0368.png,data/raw/ldctiqa/LDCTiqa_png/0368.png,,,,CT,,512,512,RGB,3,,,,350/40,raw,1.2,subjective_mos_0_4,,d67142f1bd17f3f9cc0d3c687084f2637b6cfea6c2c3c5da0b2d7f9e0f306d33,RGB with three identical channels (grayscale replicated)
ldctiqa,0369,0369.png,data/raw/ldctiqa/LDCTiqa_png/0369.png,,,,CT,,512,512,RGB,3,,,,350/40,raw,1.0,subjective_mos_0_4,,11de1f3944cc98017a54602e09dadabd1b06284669bd2379689e88dc715dfa09,RGB with three identical channels (grayscale replicated)
ldctiqa,0370,0370.png,data/raw/ldctiqa/LDCTiqa_png/0370.png,,,,CT,,512,512,RGB,3,,,,350/40,raw,0.0,subjective_mos_0_4,,d8fed08412a6e415efc8a03c03f3f0edce186f059f9235f5e67085984aeecd65,RGB with three identical channels (grayscale replicated)
ldctiqa,0371,0371.png,data/raw/ldctiqa/LDCTiqa_png/0371.png,,,,CT,,512,512,RGB,3,,,,350/40,raw,1.4,subjective_mos_0_4,,dcd18d1c4515099bffe064f2c1d9e09a4782fe11b9c039d85b7b8cdf7e6a1ce2,RGB with three identical channels (grayscale replicated)
ldctiqa,0372,0372.png,data/raw/ldctiqa/LDCTiqa_png/0372.png,,,,CT,,512,512,RGB,3,,,,350/40,raw,2.6,subjective_mos_0_4,,382f594ea66d416d63c8fa080913237d3da7e81a9173c6874a773cc56a125805,RGB with three identical channels (grayscale replicated)
ldctiqa,0373,0373.png,data/raw/ldctiqa/LDCTiqa_png/0373.png,,,,CT,,512,512,RGB,3,,,,350/40,raw,1.8,subjective_mos_0_4,,1dc02422eeb708c65672af7f18d916aee503b6510680d56c40737df3dcc16423,RGB with three identical channels (grayscale replicated)
ldctiqa,0374,0374.png,data/raw/ldctiqa/LDCTiqa_png/0374.png,,,,CT,,512,512,RGB,3,,,,350/40,raw,0.8,subjective_mos_0_4,,a35ec9f7d7e1a3a45520f1b136edae441dae9e519cc862c5a41067d00b925f30,RGB with three identical channels (grayscale replicated)
ldctiqa,0375,0375.png,data/raw/ldctiqa/LDCTiqa_png/0375.png,,,,CT,,512,512,RGB,3,,,,350/40,raw,1.4,subjective_mos_0_4,,6a6e50333cc9397ffa7ed716ed90ad731c560adde2b4de30c2f258c968e790d7,RGB with three identical channels (grayscale replicated)
ldctiqa,0376,0376.png,data/raw/ldctiqa/LDCTiqa_png/0376.png,,,,CT,,512,512,RGB,3,,,,350/40,raw,0.4,subjective_mos_0_4,,11ea93ae0383bb6e00d540706f4337e13606ebf461ee42fa1e56fbcad5d0854a,RGB with three identical channels (grayscale replicated)
ldctiqa,0377,0377.png,data/raw/ldctiqa/LDCTiqa_png/0377.png,,,,CT,,512,512,RGB,3,,,,350/40,raw,0.2,subjective_mos_0_4,,04da716459ac8df1d3bc928ede3bccaf8b6efaa464049472fee2d5afd4584007,RGB with three identical channels (grayscale replicated)
ldctiqa,0378,0378.png,data/raw/ldctiqa/LDCTiqa_png/0378.png,,,,CT,,512,512,RGB,3,,,,350/40,raw,1.6,subjective_mos_0_4,,72fbf5b5981eacbc48b7e9ad9d8960f5e04eca91baff7f65e1fc18399046def7,RGB with three identical channels (grayscale replicated)
ldctiqa,0379,0379.png,data/raw/ldctiqa/LDCTiqa_png/0379.png,,,,CT,,512,512,RGB,3,,,,350/40,raw,3.2,subjective_mos_0_4,,971e5a7afb102d1362887b18511cb6613e2f1620010b395ef8667897f3626b69,RGB with three identical channels (grayscale replicated)
ldctiqa,0380,0380.png,data/raw/ldctiqa/LDCTiqa_png/0380.png,,,,CT,,512,512,RGB,3,,,,350/40,raw,0.6,subjective_mos_0_4,,22d66e549017e1d8e60fa111b7a1b982ce113304de603405f3b2e29d374e2195,RGB with three identical channels (grayscale replicated)
ldctiqa,0381,0381.png,data/raw/ldctiqa/LDCTiqa_png/0381.png,,,,CT,,512,512,RGB,3,,,,350/40,raw,1.6,subjective_mos_0_4,,4c4fe66175d45ea88b47507a5cbf0ffe0a8fbfe3f0c4875e915bf7e21b8802cd,RGB with three identical channels (grayscale replicated)
ldctiqa,0382,0382.png,data/raw/ldctiqa/LDCTiqa_png/0382.png,,,,CT,,512,512,RGB,3,,,,350/40,raw,3.6,subjective_mos_0_4,,1ec86aa3aaecde7f469f60f09837f23ced9353f49983a18159608012bd1d4411,RGB with three identical channels (grayscale replicated)
ldctiqa,0383,0383.png,data/raw/ldctiqa/LDCTiqa_png/0383.png,,,,CT,,512,512,RGB,3,,,,350/40,raw,1.0,subjective_mos_0_4,,46ddee52422058bc3357f2cfd1f12f2ce92227cd89a56a1994a8660dcd48cc32,RGB with three identical channels (grayscale replicated)
ldctiqa,0384,0384.png,data/raw/ldctiqa/LDCTiqa_png/0384.png,,,,CT,,512,512,RGB,3,,,,350/40,raw,1.6,subjective_mos_0_4,,8d20d0a7b5663aa81e4a37a8eb0554d5cf103bdb54ba07df65b3363f3135d748,RGB with three identical channels (grayscale replicated)
ldctiqa,0385,0385.png,data/raw/ldctiqa/LDCTiqa_png/0385.png,,,,CT,,512,512,RGB,3,,,,350/40,raw,3.0,subjective_mos_0_4,,a529cff07db55d8a8a8d39e40dca6ecfec4abd007dac10c660bb19e6dd20e3f5,RGB with three identical channels (grayscale replicated)
ldctiqa,0386,0386.png,data/raw/ldctiqa/LDCTiqa_png/0386.png,,,,CT,,512,512,RGB,3,,,,350/40,raw,2.2,subjective_mos_0_4,,3096fa2dd30a20e9ba82292c41208765ec279ca2e10486e2464323a7736039ac,RGB with three identical channels (grayscale replicated)
ldctiqa,0387,0387.png,data/raw/ldctiqa/LDCTiqa_png/0387.png,,,,CT,,512,512,RGB,3,,,,350/40,raw,1.4,subjective_mos_0_4,,085eb35e971c3d746aae1f68f55900e88e35f44f8840d5641851c0521d0fe8ba,RGB with three identical channels (grayscale replicated)
ldctiqa,0388,0388.png,data/raw/ldctiqa/LDCTiqa_png/0388.png,,,,CT,,512,512,RGB,3,,,,350/40,raw,0.8,subjective_mos_0_4,,255c030ebdc8c9d99967beb58de4056703ddf9d733e365c74f1951b252ab4272,RGB with three identical channels (grayscale replicated)
ldctiqa,0389,0389.png,data/raw/ldctiqa/LDCTiqa_png/0389.png,,,,CT,,512,512,RGB,3,,,,350/40,raw,1.2,subjective_mos_0_4,,b64fc008cb0bffd8639df8c8efb79e7961c5c592e748e760ae1f1b689a9a384f,RGB with three identical channels (grayscale replicated)
ldctiqa,0390,0390.png,data/raw/ldctiqa/LDCTiqa_png/0390.png,,,,CT,,512,512,RGB,3,,,,350/40,raw,1.4,subjective_mos_0_4,,1ac6e9ce18d852a813f0e15b5f3b2566cc01a1dded7f0b88b709b8aa1b4dc883,RGB with three identical channels (grayscale replicated)
ldctiqa,0391,0391.png,data/raw/ldctiqa/LDCTiqa_png/0391.png,,,,CT,,512,512,RGB,3,,,,350/40,raw,2.4,subjective_mos_0_4,,a9e62d00b2ab8ce3f238ae8f6a3af02dbc141ac0381078db010748a9ef03a79d,RGB with three identical channels (grayscale replicated)
ldctiqa,0392,0392.png,data/raw/ldctiqa/LDCTiqa_png/0392.png,,,,CT,,512,512,RGB,3,,,,350/40,raw,0.4,subjective_mos_0_4,,bab2f6218ccc30e7a0d19b54d86e8e1115856daa9d70106093190d1dd650b3fc,RGB with three identical channels (grayscale replicated)
ldctiqa,0393,0393.png,data/raw/ldctiqa/LDCTiqa_png/0393.png,,,,CT,,512,512,RGB,3,,,,350/40,raw,2.6,subjective_mos_0_4,,f5b1c9af4ac2e44cc5f931a925e8d43a225b05391a710e427eb34b2375e9da3d,RGB with three identical channels (grayscale replicated)
ldctiqa,0394,0394.png,data/raw/ldctiqa/LDCTiqa_png/0394.png,,,,CT,,512,512,RGB,3,,,,350/40,raw,3.4,subjective_mos_0_4,,b21d3b4115151ec203cd3d2f7e603929d67acc0d6de0f7c5eab7940fff29fd43,RGB with three identical channels (grayscale replicated)
ldctiqa,0395,0395.png,data/raw/ldctiqa/LDCTiqa_png/0395.png,,,,CT,,512,512,RGB,3,,,,350/40,raw,2.0,subjective_mos_0_4,,3c4c406f16c2de756bad7742122cc4a72466c862ca9647ae4f0ca860d13948f7,RGB with three identical channels (grayscale replicated)
ldctiqa,0396,0396.png,data/raw/ldctiqa/LDCTiqa_png/0396.png,,,,CT,,512,512,RGB,3,,,,350/40,raw,3.2,subjective_mos_0_4,,481231266060d5f4b7b94cfba064844eb21dc95ddbc2c4c1af118e1f63ba47af,RGB with three identical channels (grayscale replicated)
ldctiqa,0397,0397.png,data/raw/ldctiqa/LDCTiqa_png/0397.png,,,,CT,,512,512,RGB,3,,,,350/40,raw,3.8,subjective_mos_0_4,,6fe1e7cdf9527049e723e79b5508cd0dcd69111d550511b35322646b24fd64c1,RGB with three identical channels (grayscale replicated)
ldctiqa,0398,0398.png,data/raw/ldctiqa/LDCTiqa_png/0398.png,,,,CT,,512,512,RGB,3,,,,350/40,raw,4.0,subjective_mos_0_4,,c17b1be0eb0444c3075a35dc299ee7b8b78620aa8ea8be4785c0af9ef2feec9b,RGB with three identical channels (grayscale replicated)
ldctiqa,0399,0399.png,data/raw/ldctiqa/LDCTiqa_png/0399.png,,,,CT,,512,512,RGB,3,,,,350/40,raw,1.6,subjective_mos_0_4,,9696f6ce9fc851d64d286e264519578b8cf39deca7ece4158b53a8f092a2c443,RGB with three identical channels (grayscale replicated)
ldctiqa,0400,0400.png,data/raw/ldctiqa/LDCTiqa_png/0400.png,,,,CT,,512,512,RGB,3,,,,350/40,raw,3.4,subjective_mos_0_4,,22b35c482fe28020e2f7e0fcced5029e6ca13136e6372d2929795005353787e7,RGB with three identical channels (grayscale replicated)
ldctiqa,0401,0401.png,data/raw/ldctiqa/LDCTiqa_png/0401.png,,,,CT,,512,512,RGB,3,,,,350/40,raw,1.2,subjective_mos_0_4,,9315d6399d31584e2a2e28bd083f0cd691c5a0650f990f885677cbb8851894dd,RGB with three identical channels (grayscale replicated)
ldctiqa,0402,0402.png,data/raw/ldctiqa/LDCTiqa_png/0402.png,,,,CT,,512,512,RGB,3,,,,350/40,raw,1.8,subjective_mos_0_4,,aa2e96af1bd6c411fba84010870ffb0300afba27d319b0bd7b9c27328af1b7b9,RGB with three identical channels (grayscale replicated)
ldctiqa,0403,0403.png,data/raw/ldctiqa/LDCTiqa_png/0403.png,,,,CT,,512,512,RGB,3,,,,350/40,raw,0.8,subjective_mos_0_4,,6a673557dd1e78bb2fabeb4a7e58f54ada7aadd8031b80725446f957beda04a3,RGB with three identical channels (grayscale replicated)
ldctiqa,0404,0404.png,data/raw/ldctiqa/LDCTiqa_png/0404.png,,,,CT,,512,512,RGB,3,,,,350/40,raw,0.0,subjective_mos_0_4,,939cfc900f4993add546086a4493b4ee6bbe416ea3e8fa3e8d97a75876cf2d93,RGB with three identical channels (grayscale replicated)
ldctiqa,0405,0405.png,data/raw/ldctiqa/LDCTiqa_png/0405.png,,,,CT,,512,512,RGB,3,,,,350/40,raw,2.0,subjective_mos_0_4,,8fcfb938c4565863f553c1d23597de6401faa0e2f71a19f3200a4ed1fc8f2ea9,RGB with three identical channels (grayscale replicated)
ldctiqa,0406,0406.png,data/raw/ldctiqa/LDCTiqa_png/0406.png,,,,CT,,512,512,RGB,3,,,,350/40,raw,2.0,subjective_mos_0_4,,4640cb15f1a2f630c7823f3ece3bffef762526805163f296f0b20d6d1649fe13,RGB with three identical channels (grayscale replicated)
ldctiqa,0407,0407.png,data/raw/ldctiqa/LDCTiqa_png/0407.png,,,,CT,,512,512,RGB,3,,,,350/40,raw,2.0,subjective_mos_0_4,,a1602d3d1033c0ad0a30d20a6524e7b703f39e3f3ebb1be08f797be5e8abc34b,RGB with three identical channels (grayscale replicated)
ldctiqa,0408,0408.png,data/raw/ldctiqa/LDCTiqa_png/0408.png,,,,CT,,512,512,RGB,3,,,,350/40,raw,4.0,subjective_mos_0_4,,18450ed83677d51904089dd6541662acafdccee830e88eb4b9db9671f648c425,RGB with three identical channels (grayscale replicated)
ldctiqa,0409,0409.png,data/raw/ldctiqa/LDCTiqa_png/0409.png,,,,CT,,512,512,RGB,3,,,,350/40,raw,3.8,subjective_mos_0_4,,eb7ec87881059c7eb552cec66c2b26597cf341c31b3b52de8822d7fd217a3c10,RGB with three identical channels (grayscale replicated)
ldctiqa,0410,0410.png,data/raw/ldctiqa/LDCTiqa_png/0410.png,,,,CT,,512,512,RGB,3,,,,350/40,raw,1.0,subjective_mos_0_4,,4a10e7a85451ae17d9eaf25d0354bf219c122195994515c251a83f15c90fd26d,RGB with three identical channels (grayscale replicated)
ldctiqa,0411,0411.png,data/raw/ldctiqa/LDCTiqa_png/0411.png,,,,CT,,512,512,RGB,3,,,,350/40,raw,2.8,subjective_mos_0_4,,1f6ca8011d906e8e0eb9089fe8c55a5c0c5399a7a636916eab20cf2f6d6ca7a9,RGB with three identical channels (grayscale replicated)
ldctiqa,0412,0412.png,data/raw/ldctiqa/LDCTiqa_png/0412.png,,,,CT,,512,512,RGB,3,,,,350/40,raw,4.0,subjective_mos_0_4,,76679776a2bd3b387c790fb4d2b742873e2d9f0097fabd9cd219e1fe00b21f10,RGB with three identical channels (grayscale replicated)
ldctiqa,0413,0413.png,data/raw/ldctiqa/LDCTiqa_png/0413.png,,,,CT,,512,512,RGB,3,,,,350/40,raw,1.6,subjective_mos_0_4,,d5694649e9dd6faae98e7a1bdb59afa037d875ec921dcac6104308c47e48f896,RGB with three identical channels (grayscale replicated)
ldctiqa,0414,0414.png,data/raw/ldctiqa/LDCTiqa_png/0414.png,,,,CT,,512,512,RGB,3,,,,350/40,raw,2.0,subjective_mos_0_4,,cf4ec97a3b34b2420bed533a662c6a4f0f1b25ba25275b64fdcbd21de9ecf6cd,RGB with three identical channels (grayscale replicated)
ldctiqa,0415,0415.png,data/raw/ldctiqa/LDCTiqa_png/0415.png,,,,CT,,512,512,RGB,3,,,,350/40,raw,0.4,subjective_mos_0_4,,f8875ed91986ac860daad385e8157de9dae3e5813be60d12493ae564aed6eb65,RGB with three identical channels (grayscale replicated)
ldctiqa,0416,0416.png,data/raw/ldctiqa/LDCTiqa_png/0416.png,,,,CT,,512,512,RGB,3,,,,350/40,raw,3.2,subjective_mos_0_4,,7556325690d269907426da91801efd5772ac5a9d99f72ad39015c526f1b1887d,RGB with three identical channels (grayscale replicated)
ldctiqa,0417,0417.png,data/raw/ldctiqa/LDCTiqa_png/0417.png,,,,CT,,512,512,RGB,3,,,,350/40,raw,3.6,subjective_mos_0_4,,af01e90627d0561823e1d75e01138ad2eb5c023d51eb9b3294398c9c2ba80b94,RGB with three identical channels (grayscale replicated)
ldctiqa,0418,0418.png,data/raw/ldctiqa/LDCTiqa_png/0418.png,,,,CT,,512,512,RGB,3,,,,350/40,raw,2.6,subjective_mos_0_4,,c4998a8a68cfb54e7c1905f5429627ea3e0b15fdda2abfafdca074dab5fbf652,RGB with three identical channels (grayscale replicated)
ldctiqa,0419,0419.png,data/raw/ldctiqa/LDCTiqa_png/0419.png,,,,CT,,512,512,RGB,3,,,,350/40,raw,0.6,subjective_mos_0_4,,7b097f37763294bee9dca1965dae8329300d40236eb589bf76e5125e7120170c,RGB with three identical channels (grayscale replicated)
ldctiqa,0420,0420.png,data/raw/ldctiqa/LDCTiqa_png/0420.png,,,,CT,,512,512,RGB,3,,,,350/40,raw,4.0,subjective_mos_0_4,,0a0ffae2439b1196e0ee85cb9588e41a97c5d998af2e7acf94ffc9bd1a280064,RGB with three identical channels (grayscale replicated)
ldctiqa,0421,0421.png,data/raw/ldctiqa/LDCTiqa_png/0421.png,,,,CT,,512,512,RGB,3,,,,350/40,raw,1.6,subjective_mos_0_4,,96e0950c0636c552ad96d5fd4a42b08a7a25bfe9ab26f2adf377e44096420d91,RGB with three identical channels (grayscale replicated)
ldctiqa,0422,0422.png,data/raw/ldctiqa/LDCTiqa_png/0422.png,,,,CT,,512,512,RGB,3,,,,350/40,raw,3.8,subjective_mos_0_4,,a9e8c18557c3241df9922a4b5ce977a70938d38869e6ce03b19894266e0fabe6,RGB with three identical channels (grayscale replicated)
ldctiqa,0423,0423.png,data/raw/ldctiqa/LDCTiqa_png/0423.png,,,,CT,,512,512,RGB,3,,,,350/40,raw,1.0,subjective_mos_0_4,,d109e2b7ac578a7a124a43f07c91e659f493dbffdff411612be9ceed7160e594,RGB with three identical channels (grayscale replicated)
ldctiqa,0424,0424.png,data/raw/ldctiqa/LDCTiqa_png/0424.png,,,,CT,,512,512,RGB,3,,,,350/40,raw,0.6,subjective_mos_0_4,,c303a33e647985cdddeb0520f30c4352af1dc3ac3b5ab1870e0fd44ddedccf98,RGB with three identical channels (grayscale replicated)
ldctiqa,0425,0425.png,data/raw/ldctiqa/LDCTiqa_png/0425.png,,,,CT,,512,512,RGB,3,,,,350/40,raw,1.0,subjective_mos_0_4,,f968e5b912703b5a83e4ac04b9b2aeea2fce7fc752c685a63b7f849b220cca0c,RGB with three identical channels (grayscale replicated)
ldctiqa,0426,0426.png,data/raw/ldctiqa/LDCTiqa_png/0426.png,,,,CT,,512,512,RGB,3,,,,350/40,raw,3.0,subjective_mos_0_4,,7ba0b34b58e1475dcfbaf8ef792a71900d131da6d70cdb5fab43bd8e5bbaee89,RGB with three identical channels (grayscale replicated)
ldctiqa,0427,0427.png,data/raw/ldctiqa/LDCTiqa_png/0427.png,,,,CT,,512,512,RGB,3,,,,350/40,raw,0.8,subjective_mos_0_4,,021721571c0d44f0a63acf47271779acd5101751adf609cc8be579a65c46c9ce,RGB with three identical channels (grayscale replicated)
ldctiqa,0428,0428.png,data/raw/ldctiqa/LDCTiqa_png/0428.png,,,,CT,,512,512,RGB,3,,,,350/40,raw,1.6,subjective_mos_0_4,,42b416ff746339d02411f5bde005365e9fae73821217e49c1137e5f616ccc137,RGB with three identical channels (grayscale replicated)
ldctiqa,0429,0429.png,data/raw/ldctiqa/LDCTiqa_png/0429.png,,,,CT,,512,512,RGB,3,,,,350/40,raw,1.6,subjective_mos_0_4,,a57d9f92090c8e680a51a5fd7c9eefb1a91de311e2228785efefdf935e36133f,RGB with three identical channels (grayscale replicated)
ldctiqa,0430,0430.png,data/raw/ldctiqa/LDCTiqa_png/0430.png,,,,CT,,512,512,RGB,3,,,,350/40,raw,3.2,subjective_mos_0_4,,728f9226f8ea7d97d2b14af33ac01c0f05408eb442118d047ae4ceb7dfa37f6a,RGB with three identical channels (grayscale replicated)
ldctiqa,0431,0431.png,data/raw/ldctiqa/LDCTiqa_png/0431.png,,,,CT,,512,512,RGB,3,,,,350/40,raw,3.2,subjective_mos_0_4,,92c74e38c20f547e71116a2b68704edda0a9bcc522b12c39a7e422999acdfd40,RGB with three identical channels (grayscale replicated)
ldctiqa,0432,0432.png,data/raw/ldctiqa/LDCTiqa_png/0432.png,,,,CT,,512,512,RGB,3,,,,350/40,raw,2.4,subjective_mos_0_4,,0df611448268b73e1dcb8f76a5a13f18217fa1fa2552ed3703ab5c6d04e8b616,RGB with three identical channels (grayscale replicated)
ldctiqa,0433,0433.png,data/raw/ldctiqa/LDCTiqa_png/0433.png,,,,CT,,512,512,RGB,3,,,,350/40,raw,2.0,subjective_mos_0_4,,8e8bb608ff707761da67724d0f4ba1356f7200675ed173d691936427e591539f,RGB with three identical channels (grayscale replicated)
ldctiqa,0434,0434.png,data/raw/ldctiqa/LDCTiqa_png/0434.png,,,,CT,,512,512,RGB,3,,,,350/40,raw,2.8,subjective_mos_0_4,,c57ebb430705ea092cd72f0c9df69efe2ea4fad9db9d2d922853985171628bec,RGB with three identical channels (grayscale replicated)
ldctiqa,0435,0435.png,data/raw/ldctiqa/LDCTiqa_png/0435.png,,,,CT,,512,512,RGB,3,,,,350/40,raw,3.2,subjective_mos_0_4,,feaf0527a9ed5828d2c7e02253253637962a396e3dde1b89339aacc31bc0ef79,RGB with three identical channels (grayscale replicated)
ldctiqa,0436,0436.png,data/raw/ldctiqa/LDCTiqa_png/0436.png,,,,CT,,512,512,RGB,3,,,,350/40,raw,2.0,subjective_mos_0_4,,233fa92eaa6d6707a1ec900d3c2a1eaf1afe5a0ebbe5732644bce387171eb8d7,RGB with three identical channels (grayscale replicated)
ldctiqa,0437,0437.png,data/raw/ldctiqa/LDCTiqa_png/0437.png,,,,CT,,512,512,RGB,3,,,,350/40,raw,1.0,subjective_mos_0_4,,6d9ddbae6647647042343f7da1c50bd9316124aa71669116e1722a30b3e4fed7,RGB with three identical channels (grayscale replicated)
ldctiqa,0438,0438.png,data/raw/ldctiqa/LDCTiqa_png/0438.png,,,,CT,,512,512,RGB,3,,,,350/40,raw,2.2,subjective_mos_0_4,,3851c825157d82c9c55b681b3f32c61a739e68eaa4cc2e3fe898cd5266f1db46,RGB with three identical channels (grayscale replicated)
ldctiqa,0439,0439.png,data/raw/ldctiqa/LDCTiqa_png/0439.png,,,,CT,,512,512,RGB,3,,,,350/40,raw,1.4,subjective_mos_0_4,,b804c5b7740888578890fbbe6b9efd33c5c726a5d69f999b701299292cddcab3,RGB with three identical channels (grayscale replicated)
ldctiqa,0440,0440.png,data/raw/ldctiqa/LDCTiqa_png/0440.png,,,,CT,,512,512,RGB,3,,,,350/40,raw,0.0,subjective_mos_0_4,,31052122996e6e8fc7a33f895d9336195cf79a2c5b6a0bda6e95609f53821e85,RGB with three identical channels (grayscale replicated)
ldctiqa,0441,0441.png,data/raw/ldctiqa/LDCTiqa_png/0441.png,,,,CT,,512,512,RGB,3,,,,350/40,raw,2.8,subjective_mos_0_4,,47abd7d23012e2a3945c43841346c6ab1240714202fffe068ffd69c223198fb8,RGB with three identical channels (grayscale replicated)
ldctiqa,0442,0442.png,data/raw/ldctiqa/LDCTiqa_png/0442.png,,,,CT,,512,512,RGB,3,,,,350/40,raw,1.2,subjective_mos_0_4,,7294ce83d25c6956bac4150a24a5bbef3ff59d5c14d2175fbeaff5099e5b0d1c,RGB with three identical channels (grayscale replicated)
ldctiqa,0443,0443.png,data/raw/ldctiqa/LDCTiqa_png/0443.png,,,,CT,,512,512,RGB,3,,,,350/40,raw,1.4,subjective_mos_0_4,,148b26fe2b459e9d8f868595322885ae63ef5b45f2a445a3510b1c440b5bcdcb,RGB with three identical channels (grayscale replicated)
ldctiqa,0444,0444.png,data/raw/ldctiqa/LDCTiqa_png/0444.png,,,,CT,,512,512,RGB,3,,,,350/40,raw,1.2,subjective_mos_0_4,,d99f8d65adfb957b31134318588e282aa7e2fcf4252ff9163e241a7152865789,RGB with three identical channels (grayscale replicated)
ldctiqa,0445,0445.png,data/raw/ldctiqa/LDCTiqa_png/0445.png,,,,CT,,512,512,RGB,3,,,,350/40,raw,0.4,subjective_mos_0_4,,c519e7abe8fe2c7d142e2ccc8c2cc441c14b4f84bbc24bdf2a3dc82969f9dcfd,RGB with three identical channels (grayscale replicated)
ldctiqa,0446,0446.png,data/raw/ldctiqa/LDCTiqa_png/0446.png,,,,CT,,512,512,RGB,3,,,,350/40,raw,2.0,subjective_mos_0_4,,4a28a5e9757e318f6dd4e4df619529790e1a25cc03567d586881685d3e1c7cf6,RGB with three identical channels (grayscale replicated)
ldctiqa,0447,0447.png,data/raw/ldctiqa/LDCTiqa_png/0447.png,,,,CT,,512,512,RGB,3,,,,350/40,raw,0.6,subjective_mos_0_4,,7666f72b5f4d1799ab0411f1b1240f4ecaca60fc4cf5c47e8c3f583636f86230,RGB with three identical channels (grayscale replicated)
ldctiqa,0448,0448.png,data/raw/ldctiqa/LDCTiqa_png/0448.png,,,,CT,,512,512,RGB,3,,,,350/40,raw,2.2,subjective_mos_0_4,,46e3dfbab6a24e12f3f1d3c032ccc74227be0909d501ec2b9e430266cfadf640,RGB with three identical channels (grayscale replicated)
ldctiqa,0449,0449.png,data/raw/ldctiqa/LDCTiqa_png/0449.png,,,,CT,,512,512,RGB,3,,,,350/40,raw,1.4,subjective_mos_0_4,,6790de02d68e49aebf10120b0d589f0fcc765e9b85a338b2beaf920ac68e5da8,RGB with three identical channels (grayscale replicated)
ldctiqa,0450,0450.png,data/raw/ldctiqa/LDCTiqa_png/0450.png,,,,CT,,512,512,RGB,3,,,,350/40,raw,3.0,subjective_mos_0_4,,334ea681bc99bf4bbf7a1c136449fb39e3356747ee6002b9c0cbbf8ec2416dbd,RGB with three identical channels (grayscale replicated)
ldctiqa,0451,0451.png,data/raw/ldctiqa/LDCTiqa_png/0451.png,,,,CT,,512,512,RGB,3,,,,350/40,raw,3.4,subjective_mos_0_4,,aecf572b504a2c7f1dd1108970f28a8bd84565bbe054cd32e69ba5a8024f6708,RGB with three identical channels (grayscale replicated)
ldctiqa,0452,0452.png,data/raw/ldctiqa/LDCTiqa_png/0452.png,,,,CT,,512,512,RGB,3,,,,350/40,raw,1.6,subjective_mos_0_4,,13a1bf8e95f13f77a7d9b65dcabe9aed0e8250d054fba7b73019599365fec46b,RGB with three identical channels (grayscale replicated)
ldctiqa,0453,0453.png,data/raw/ldctiqa/LDCTiqa_png/0453.png,,,,CT,,512,512,RGB,3,,,,350/40,raw,2.4,subjective_mos_0_4,,409bfd6db23de622a15918efd1eb27e2851420cd3a4faac534c6d21f6b98cce7,RGB with three identical channels (grayscale replicated)
ldctiqa,0454,0454.png,data/raw/ldctiqa/LDCTiqa_png/0454.png,,,,CT,,512,512,RGB,3,,,,350/40,raw,1.6,subjective_mos_0_4,,a6b582673abffb24584bf829733e1c757017d526b5d45ee5487f58882b7549ca,RGB with three identical channels (grayscale replicated)
ldctiqa,0455,0455.png,data/raw/ldctiqa/LDCTiqa_png/0455.png,,,,CT,,512,512,RGB,3,,,,350/40,raw,2.2,subjective_mos_0_4,,05728720b05872bff0d152bd5ffb161d78984e160406284c18cccbbc828ab7bc,RGB with three identical channels (grayscale replicated)
ldctiqa,0456,0456.png,data/raw/ldctiqa/LDCTiqa_png/0456.png,,,,CT,,512,512,RGB,3,,,,350/40,raw,3.8,subjective_mos_0_4,,3d413eaf63f73692a9eb26cb57941025d2a307eaaa44fb37089adbb15b281d65,RGB with three identical channels (grayscale replicated)
ldctiqa,0457,0457.png,data/raw/ldctiqa/LDCTiqa_png/0457.png,,,,CT,,512,512,RGB,3,,,,350/40,raw,1.6,subjective_mos_0_4,,8ea35c22b5ec5b64e2db1c068d5975deba601d213f0673eb84db87faa3d5af9b,RGB with three identical channels (grayscale replicated)
ldctiqa,0458,0458.png,data/raw/ldctiqa/LDCTiqa_png/0458.png,,,,CT,,512,512,RGB,3,,,,350/40,raw,1.6,subjective_mos_0_4,,6b83938bc38ba5495ca628ebead30eeb7c87de4278bbbe2c34062fe8e0365ac2,RGB with three identical channels (grayscale replicated)
ldctiqa,0459,0459.png,data/raw/ldctiqa/LDCTiqa_png/0459.png,,,,CT,,512,512,RGB,3,,,,350/40,raw,3.2,subjective_mos_0_4,,19c35cb80b8b3b535774bdcdc0bf57d378a9825eec788642459585c11edd97e7,RGB with three identical channels (grayscale replicated)
ldctiqa,0460,0460.png,data/raw/ldctiqa/LDCTiqa_png/0460.png,,,,CT,,512,512,RGB,3,,,,350/40,raw,2.6,subjective_mos_0_4,,83ca263238682e7fc073eab5944e2afbf4485829cae2ca295091295c3a8c87db,RGB with three identical channels (grayscale replicated)
ldctiqa,0461,0461.png,data/raw/ldctiqa/LDCTiqa_png/0461.png,,,,CT,,512,512,RGB,3,,,,350/40,raw,1.4,subjective_mos_0_4,,81ec400c05b949ead37e59e59bced6bbd753969c865d06e3d898d7c349ead1fe,RGB with three identical channels (grayscale replicated)
ldctiqa,0462,0462.png,data/raw/ldctiqa/LDCTiqa_png/0462.png,,,,CT,,512,512,RGB,3,,,,350/40,raw,3.4,subjective_mos_0_4,,8875bd8e62bf78dc364bce8c9c8956133793f3621bd8e5ad73539d27ab587e6a,RGB with three identical channels (grayscale replicated)
ldctiqa,0463,0463.png,data/raw/ldctiqa/LDCTiqa_png/0463.png,,,,CT,,512,512,RGB,3,,,,350/40,raw,2.6,subjective_mos_0_4,,d6419c05334490ac0a189b74e8b904c3814d0720905ad5d7110dd61e7eb553ac,RGB with three identical channels (grayscale replicated)
ldctiqa,0464,0464.png,data/raw/ldctiqa/LDCTiqa_png/0464.png,,,,CT,,512,512,RGB,3,,,,350/40,raw,2.0,subjective_mos_0_4,,860952df36a01a40984fc6ccb0efbaa2a99905bfac32c4a055639422965893e1,RGB with three identical channels (grayscale replicated)
ldctiqa,0465,0465.png,data/raw/ldctiqa/LDCTiqa_png/0465.png,,,,CT,,512,512,RGB,3,,,,350/40,raw,2.6,subjective_mos_0_4,,73670d2e923d4ea37a7916c1376bf0b17beda2dece8f52cf499e87943e59915d,RGB with three identical channels (grayscale replicated)
ldctiqa,0466,0466.png,data/raw/ldctiqa/LDCTiqa_png/0466.png,,,,CT,,512,512,RGB,3,,,,350/40,raw,1.6,subjective_mos_0_4,,f20dc75b86eb2b08d3acaaa87772578c1bea8904344977d2bd83af158dfee34c,RGB with three identical channels (grayscale replicated)
ldctiqa,0467,0467.png,data/raw/ldctiqa/LDCTiqa_png/0467.png,,,,CT,,512,512,RGB,3,,,,350/40,raw,2.2,subjective_mos_0_4,,a8f650b111221e0dc9b4c88222e15bfcbcb5325c10772ec2af43a228f9342fa1,RGB with three identical channels (grayscale replicated)
ldctiqa,0468,0468.png,data/raw/ldctiqa/LDCTiqa_png/0468.png,,,,CT,,512,512,RGB,3,,,,350/40,raw,0.2,subjective_mos_0_4,,ac41a1d9908ee0e27d8422d4e187ceec47fbe22f69b8532b7f2c5e0870ba6846,RGB with three identical channels (grayscale replicated)
ldctiqa,0469,0469.png,data/raw/ldctiqa/LDCTiqa_png/0469.png,,,,CT,,512,512,RGB,3,,,,350/40,raw,0.0,subjective_mos_0_4,,2d84e758f5e75152537600fd2ea0235716536cf57d678ca9ad2281754082c45c,RGB with three identical channels (grayscale replicated)
ldctiqa,0470,0470.png,data/raw/ldctiqa/LDCTiqa_png/0470.png,,,,CT,,512,512,RGB,3,,,,350/40,raw,0.8,subjective_mos_0_4,,91606d824321965e488b1b80abead58e7d7dc8daec73ae118dc00bc6cb2d65ef,RGB with three identical channels (grayscale replicated)
ldctiqa,0471,0471.png,data/raw/ldctiqa/LDCTiqa_png/0471.png,,,,CT,,512,512,RGB,3,,,,350/40,raw,1.6,subjective_mos_0_4,,8a1c20ad02aeb7e7f5a56fd196861028a36a9b62ba21e956abb9582beaa7a3f7,RGB with three identical channels (grayscale replicated)
ldctiqa,0472,0472.png,data/raw/ldctiqa/LDCTiqa_png/0472.png,,,,CT,,512,512,RGB,3,,,,350/40,raw,3.0,subjective_mos_0_4,,7e9b043a16b6682d0e7334c732c584a3bd023909618bf6aaf8083071dd297612,RGB with three identical channels (grayscale replicated)
ldctiqa,0473,0473.png,data/raw/ldctiqa/LDCTiqa_png/0473.png,,,,CT,,512,512,RGB,3,,,,350/40,raw,1.2,subjective_mos_0_4,,5d735f27a7f6ffa3d44b8f16350c983c8e1773cf50ee6f6dc3c2afa2312a8804,RGB with three identical channels (grayscale replicated)
ldctiqa,0474,0474.png,data/raw/ldctiqa/LDCTiqa_png/0474.png,,,,CT,,512,512,RGB,3,,,,350/40,raw,2.2,subjective_mos_0_4,,14cf1fb0eb19907414a303a505d2de33fe09094df6345404b69794ba2bd85f18,RGB with three identical channels (grayscale replicated)
ldctiqa,0475,0475.png,data/raw/ldctiqa/LDCTiqa_png/0475.png,,,,CT,,512,512,RGB,3,,,,350/40,raw,0.4,subjective_mos_0_4,,2641e40472637e8114850fe3c2ca750e94a49a0dd37641a908add6a41ea557e6,RGB with three identical channels (grayscale replicated)
ldctiqa,0476,0476.png,data/raw/ldctiqa/LDCTiqa_png/0476.png,,,,CT,,512,512,RGB,3,,,,350/40,raw,2.8,subjective_mos_0_4,,e81e74dfe52e42f89badd7e013ee6951d34d5c4ca77976428cd727397afd77e8,RGB with three identical channels (grayscale replicated)
ldctiqa,0477,0477.png,data/raw/ldctiqa/LDCTiqa_png/0477.png,,,,CT,,512,512,RGB,3,,,,350/40,raw,2.2,subjective_mos_0_4,,d441af829af262275888ebb943693f771e103841db3054b547f70489ac63c2d1,RGB with three identical channels (grayscale replicated)
ldctiqa,0478,0478.png,data/raw/ldctiqa/LDCTiqa_png/0478.png,,,,CT,,512,512,RGB,3,,,,350/40,raw,3.6,subjective_mos_0_4,,542d92acacb963d3ff48b4a221631ca6850ec5c38c5f18f202f4b4b0271a635c,RGB with three identical channels (grayscale replicated)
ldctiqa,0479,0479.png,data/raw/ldctiqa/LDCTiqa_png/0479.png,,,,CT,,512,512,RGB,3,,,,350/40,raw,2.8,subjective_mos_0_4,,39d2adabf69aa86dde499543f3a76388b7f34bde597459e2f011c6f0afa9f16b,RGB with three identical channels (grayscale replicated)
ldctiqa,0480,0480.png,data/raw/ldctiqa/LDCTiqa_png/0480.png,,,,CT,,512,512,RGB,3,,,,350/40,raw,2.6,subjective_mos_0_4,,5c969af917ca5a7e5a3cd4d497cfe426e3a045e72ef3de2c5fdc6f69bc16cc60,RGB with three identical channels (grayscale replicated)
ldctiqa,0481,0481.png,data/raw/ldctiqa/LDCTiqa_png/0481.png,,,,CT,,512,512,RGB,3,,,,350/40,raw,1.0,subjective_mos_0_4,,d8f41e75d30b5e11187f2fe30c7ea093d1feb159902b3a0555b5e9177738b2ba,RGB with three identical channels (grayscale replicated)
ldctiqa,0482,0482.png,data/raw/ldctiqa/LDCTiqa_png/0482.png,,,,CT,,512,512,RGB,3,,,,350/40,raw,4.0,subjective_mos_0_4,,a9fff9f0ec746fbb1fb96c7a582ee517cc1594c9105558de7749d7630adf3e66,RGB with three identical channels (grayscale replicated)
ldctiqa,0483,0483.png,data/raw/ldctiqa/LDCTiqa_png/0483.png,,,,CT,,512,512,RGB,3,,,,350/40,raw,2.6,subjective_mos_0_4,,a173e77f9e60059c5d2dc41a5103d2057d039d0eea38decc153f21ea53356e8b,RGB with three identical channels (grayscale replicated)
ldctiqa,0484,0484.png,data/raw/ldctiqa/LDCTiqa_png/0484.png,,,,CT,,512,512,RGB,3,,,,350/40,raw,0.6,subjective_mos_0_4,,cbfa1953e7083fc2e14d3b0665a66598c1cb29c0b6e9f1374bfc3af5447ac44c,RGB with three identical channels (grayscale replicated)
ldctiqa,0485,0485.png,data/raw/ldctiqa/LDCTiqa_png/0485.png,,,,CT,,512,512,RGB,3,,,,350/40,raw,1.4,subjective_mos_0_4,,1b8bcc6aba4414ef4bf485b2f00559553f0e76940e9f6cf1b96d1ebd8578cce9,RGB with three identical channels (grayscale replicated)
ldctiqa,0486,0486.png,data/raw/ldctiqa/LDCTiqa_png/0486.png,,,,CT,,512,512,RGB,3,,,,350/40,raw,1.8,subjective_mos_0_4,,3c2b53dcff1f4b36b5bf9db268d572e06aa889559a2afda41577bd2ea3c4fa18,RGB with three identical channels (grayscale replicated)
ldctiqa,0487,0487.png,data/raw/ldctiqa/LDCTiqa_png/0487.png,,,,CT,,512,512,RGB,3,,,,350/40,raw,1.8,subjective_mos_0_4,,cfc9a755728279931666f988e5ef853fc77e4c8d381779a149ebc5391c5628e4,RGB with three identical channels (grayscale replicated)
ldctiqa,0488,0488.png,data/raw/ldctiqa/LDCTiqa_png/0488.png,,,,CT,,512,512,RGB,3,,,,350/40,raw,4.0,subjective_mos_0_4,,15174a9925118df291178621e755db9043739578915cc1352e77659f6e25e7f1,RGB with three identical channels (grayscale replicated)
ldctiqa,0489,0489.png,data/raw/ldctiqa/LDCTiqa_png/0489.png,,,,CT,,512,512,RGB,3,,,,350/40,raw,0.8,subjective_mos_0_4,,a956432455b914ff6ecde0bbe2e72d9b008158c90ba27386baf7e83350247616,RGB with three identical channels (grayscale replicated)
ldctiqa,0490,0490.png,data/raw/ldctiqa/LDCTiqa_png/0490.png,,,,CT,,512,512,RGB,3,,,,350/40,raw,2.4,subjective_mos_0_4,,83a6619656f60e135eeb8617e3dce77b29d1a0d10c53b0e0082e48f16f9b8ac3,RGB with three identical channels (grayscale replicated)
ldctiqa,0491,0491.png,data/raw/ldctiqa/LDCTiqa_png/0491.png,,,,CT,,512,512,RGB,3,,,,350/40,raw,3.4,subjective_mos_0_4,,bfaed41dc54acf062123d1ff383337798f6ac780a177772830302674ef612bea,RGB with three identical channels (grayscale replicated)
ldctiqa,0492,0492.png,data/raw/ldctiqa/LDCTiqa_png/0492.png,,,,CT,,512,512,RGB,3,,,,350/40,raw,1.0,subjective_mos_0_4,,c8ddcf908f42b955dda2d2e41a87a4545c539deabfde02dc6b91ab9aee3df33e,RGB with three identical channels (grayscale replicated)
ldctiqa,0493,0493.png,data/raw/ldctiqa/LDCTiqa_png/0493.png,,,,CT,,512,512,RGB,3,,,,350/40,raw,4.0,subjective_mos_0_4,,b3068a59656405e10b1b25589e2d59458ef22a75719b643b459a65aa32163875,RGB with three identical channels (grayscale replicated)
ldctiqa,0494,0494.png,data/raw/ldctiqa/LDCTiqa_png/0494.png,,,,CT,,512,512,RGB,3,,,,350/40,raw,3.8,subjective_mos_0_4,,495838910e5992f011f65d90b5cf095c5f474a030c4466aef1395a0be7906832,RGB with three identical channels (grayscale replicated)
ldctiqa,0495,0495.png,data/raw/ldctiqa/LDCTiqa_png/0495.png,,,,CT,,512,512,RGB,3,,,,350/40,raw,2.2,subjective_mos_0_4,,8a33946170b8207dc6beee804a5754047fb1700d74c3405f2473218d220eaabb,RGB with three identical channels (grayscale replicated)
ldctiqa,0496,0496.png,data/raw/ldctiqa/LDCTiqa_png/0496.png,,,,CT,,512,512,RGB,3,,,,350/40,raw,0.2,subjective_mos_0_4,,d4b2aeb0fe3b9ace8cab8524121f16a398da8cdb29a853b0aba9556a5cb3f851,RGB with three identical channels (grayscale replicated)
ldctiqa,0497,0497.png,data/raw/ldctiqa/LDCTiqa_png/0497.png,,,,CT,,512,512,RGB,3,,,,350/40,raw,3.0,subjective_mos_0_4,,218740775f615bf310da24293ceae349fc2c984dd47ebf3d73d57de2e953e80d,RGB with three identical channels (grayscale replicated)
ldctiqa,0498,0498.png,data/raw/ldctiqa/LDCTiqa_png/0498.png,,,,CT,,512,512,RGB,3,,,,350/40,raw,2.6,subjective_mos_0_4,,7c8861a08fa15e05fc62861923a2fa866f4662f3e1773ef8f2327550c214fb9c,RGB with three identical channels (grayscale replicated)
ldctiqa,0499,0499.png,data/raw/ldctiqa/LDCTiqa_png/0499.png,,,,CT,,512,512,RGB,3,,,,350/40,raw,2.4,subjective_mos_0_4,,59a837eea2e9d59b23645da53c037af17502fd183468431e6a87e7514acfb02b,RGB with three identical channels (grayscale replicated)
ldctiqa,0500,0500.png,data/raw/ldctiqa/LDCTiqa_png/0500.png,,,,CT,,512,512,RGB,3,,,,350/40,raw,2.8,subjective_mos_0_4,,c0799e285d9a30eb7d17f0c1611460aca28024d56df0a156be8ae5c602b0db19,RGB with three identical channels (grayscale replicated)
ldctiqa,0501,0501.png,data/raw/ldctiqa/LDCTiqa_png/0501.png,,,,CT,,512,512,RGB,3,,,,350/40,raw,3.8,subjective_mos_0_4,,47ee0a75ed5c266092aa6e8095a7dbdb1b4092369ed733d5d0facfdfd61f6305,RGB with three identical channels (grayscale replicated)
ldctiqa,0502,0502.png,data/raw/ldctiqa/LDCTiqa_png/0502.png,,,,CT,,512,512,RGB,3,,,,350/40,raw,1.4,subjective_mos_0_4,,bd59ed9c8daf1eb933be11ee32ae1fc6bdd9c7d94ccef688ed6b125275c6cd6e,RGB with three identical channels (grayscale replicated)
ldctiqa,0503,0503.png,data/raw/ldctiqa/LDCTiqa_png/0503.png,,,,CT,,512,512,RGB,3,,,,350/40,raw,4.0,subjective_mos_0_4,,8e5029b9dd4e26c08e6b3b8eb4c37917ac760ff00e25b85ca957a0b1299570d2,RGB with three identical channels (grayscale replicated)
ldctiqa,0504,0504.png,data/raw/ldctiqa/LDCTiqa_png/0504.png,,,,CT,,512,512,RGB,3,,,,350/40,raw,3.0,subjective_mos_0_4,,305fe02c60b26dcd21ced3187b2daaaba5dcb1331a3cc240d97c577994f50941,RGB with three identical channels (grayscale replicated)
ldctiqa,0505,0505.png,data/raw/ldctiqa/LDCTiqa_png/0505.png,,,,CT,,512,512,RGB,3,,,,350/40,raw,3.0,subjective_mos_0_4,,80fc14ccf8d540a0bb58c7a9bcdbe0c57638e335ebc340e9ffd9789f06fa2de2,RGB with three identical channels (grayscale replicated)
ldctiqa,0506,0506.png,data/raw/ldctiqa/LDCTiqa_png/0506.png,,,,CT,,512,512,RGB,3,,,,350/40,raw,0.8,subjective_mos_0_4,,ae53e88b94030517906f6353c5e510ac8b83b176a2739088929513f93223f55f,RGB with three identical channels (grayscale replicated)
ldctiqa,0507,0507.png,data/raw/ldctiqa/LDCTiqa_png/0507.png,,,,CT,,512,512,RGB,3,,,,350/40,raw,2.2,subjective_mos_0_4,,88a5aef67f1d3c4839ca57853cbfdd7e00d9dab69cc37c95e5db0d0144de6447,RGB with three identical channels (grayscale replicated)
ldctiqa,0508,0508.png,data/raw/ldctiqa/LDCTiqa_png/0508.png,,,,CT,,512,512,RGB,3,,,,350/40,raw,3.4,subjective_mos_0_4,,ba108e130be1845b082c97e012697c6e6faa69963ab121372325d2a913583ccb,RGB with three identical channels (grayscale replicated)
ldctiqa,0509,0509.png,data/raw/ldctiqa/LDCTiqa_png/0509.png,,,,CT,,512,512,RGB,3,,,,350/40,raw,2.6,subjective_mos_0_4,,5d02cd9640f44609623b78daf1bd00bb104b8eab416832504d4586e8c2bde22b,RGB with three identical channels (grayscale replicated)
ldctiqa,0510,0510.png,data/raw/ldctiqa/LDCTiqa_png/0510.png,,,,CT,,512,512,RGB,3,,,,350/40,raw,1.0,subjective_mos_0_4,,b1841e5c5ca615581bab9b74313efddff806dfd6443f0f539f431e10287342fd,RGB with three identical channels (grayscale replicated)
ldctiqa,0511,0511.png,data/raw/ldctiqa/LDCTiqa_png/0511.png,,,,CT,,512,512,RGB,3,,,,350/40,raw,1.0,subjective_mos_0_4,,dba101d3c24b7a841932e350c044a3e0acfd2a371f0329d9c8a35706494f334c,RGB with three identical channels (grayscale replicated)
ldctiqa,0512,0512.png,data/raw/ldctiqa/LDCTiqa_png/0512.png,,,,CT,,512,512,RGB,3,,,,350/40,raw,3.8,subjective_mos_0_4,,ac089e2a38a71332fcf04a43925320d2a4bc46242710454474a5d2c56360e073,RGB with three identical channels (grayscale replicated)
ldctiqa,0513,0513.png,data/raw/ldctiqa/LDCTiqa_png/0513.png,,,,CT,,512,512,RGB,3,,,,350/40,raw,2.2,subjective_mos_0_4,,a389a5ea2b411803a9f1d6ad3b470823d3b68f59e2dbe745a607ca9ea99d66e9,RGB with three identical channels (grayscale replicated)
ldctiqa,0514,0514.png,data/raw/ldctiqa/LDCTiqa_png/0514.png,,,,CT,,512,512,RGB,3,,,,350/40,raw,3.8,subjective_mos_0_4,,1d4d2a03f504666aab66e6bf7663976794471e7bb12cfd8bbd49c8225974acea,RGB with three identical channels (grayscale replicated)
ldctiqa,0515,0515.png,data/raw/ldctiqa/LDCTiqa_png/0515.png,,,,CT,,512,512,RGB,3,,,,350/40,raw,3.4,subjective_mos_0_4,,286bca94441f858b92e9c84e191802e6a02225e2528a8adc69539067ea76b1ac,RGB with three identical channels (grayscale replicated)
ldctiqa,0516,0516.png,data/raw/ldctiqa/LDCTiqa_png/0516.png,,,,CT,,512,512,RGB,3,,,,350/40,raw,2.2,subjective_mos_0_4,,333fdb511a9e801e557278ef55120d9a01a0ea3327b86e24ff958f2b54087ce6,RGB with three identical channels (grayscale replicated)
ldctiqa,0517,0517.png,data/raw/ldctiqa/LDCTiqa_png/0517.png,,,,CT,,512,512,RGB,3,,,,350/40,raw,3.8,subjective_mos_0_4,,5358b9cfab6dabd350c17bd9f144775e2c593419441a5831c6527f83a3b20f56,RGB with three identical channels (grayscale replicated)
ldctiqa,0518,0518.png,data/raw/ldctiqa/LDCTiqa_png/0518.png,,,,CT,,512,512,RGB,3,,,,350/40,raw,1.2,subjective_mos_0_4,,7e56df993bd72e3a13211f9ab923e94c0f924113371b1a485622ce59233f73ab,RGB with three identical channels (grayscale replicated)
ldctiqa,0519,0519.png,data/raw/ldctiqa/LDCTiqa_png/0519.png,,,,CT,,512,512,RGB,3,,,,350/40,raw,1.8,subjective_mos_0_4,,0faa188cd98ba5a99e97e6620ea4715b8b94337a8ec467407aa13c2dc78888e1,RGB with three identical channels (grayscale replicated)
ldctiqa,0520,0520.png,data/raw/ldctiqa/LDCTiqa_png/0520.png,,,,CT,,512,512,RGB,3,,,,350/40,raw,1.6,subjective_mos_0_4,,4d0d2bfd92baf462d526d07017a9b9cde7d582478b17be25c30f7b7225a4e171,RGB with three identical channels (grayscale replicated)
ldctiqa,0521,0521.png,data/raw/ldctiqa/LDCTiqa_png/0521.png,,,,CT,,512,512,RGB,3,,,,350/40,raw,3.0,subjective_mos_0_4,,3f7df05a251cfbbe7f5e28c1d4776d7767b9e9ea1b1c4aea23028e3f72bf5c81,RGB with three identical channels (grayscale replicated)
ldctiqa,0522,0522.png,data/raw/ldctiqa/LDCTiqa_png/0522.png,,,,CT,,512,512,RGB,3,,,,350/40,raw,2.8,subjective_mos_0_4,,fb0c2df5aecea02a047d34cb0acd01a1f3321bbc732c23ba92d812deb55348b1,RGB with three identical channels (grayscale replicated)
ldctiqa,0523,0523.png,data/raw/ldctiqa/LDCTiqa_png/0523.png,,,,CT,,512,512,RGB,3,,,,350/40,raw,0.4,subjective_mos_0_4,,953aec88c2ed348ff653306bf53c67c249c9ed3921f69bf9b7192faa5f520928,RGB with three identical channels (grayscale replicated)
ldctiqa,0524,0524.png,data/raw/ldctiqa/LDCTiqa_png/0524.png,,,,CT,,512,512,RGB,3,,,,350/40,raw,0.0,subjective_mos_0_4,,5a5161b1a80d5866cf883112b800d56187f45b029b3d73e9e2f1c374787ce946,RGB with three identical channels (grayscale replicated)
ldctiqa,0525,0525.png,data/raw/ldctiqa/LDCTiqa_png/0525.png,,,,CT,,512,512,RGB,3,,,,350/40,raw,3.4,subjective_mos_0_4,,124db9edaf4d1d589ee39708129baed12a11584e774a0e6c609874dc2a4b632e,RGB with three identical channels (grayscale replicated)
ldctiqa,0526,0526.png,data/raw/ldctiqa/LDCTiqa_png/0526.png,,,,CT,,512,512,RGB,3,,,,350/40,raw,1.2,subjective_mos_0_4,,d0c4c01d6cf9caaad733d45ef7330e2f30ad9452298da8f1e2c27456d8816731,RGB with three identical channels (grayscale replicated)
ldctiqa,0527,0527.png,data/raw/ldctiqa/LDCTiqa_png/0527.png,,,,CT,,512,512,RGB,3,,,,350/40,raw,1.6,subjective_mos_0_4,,d92f9e588d28c7d5bc189451ee2912b2f399a0ad62bb97aa11674af5f07149d7,RGB with three identical channels (grayscale replicated)
ldctiqa,0528,0528.png,data/raw/ldctiqa/LDCTiqa_png/0528.png,,,,CT,,512,512,RGB,3,,,,350/40,raw,1.4,subjective_mos_0_4,,2b599150c1bd225ed645e9234139c953129021e29b0a0a688dd0473ddb507ab9,RGB with three identical channels (grayscale replicated)
ldctiqa,0529,0529.png,data/raw/ldctiqa/LDCTiqa_png/0529.png,,,,CT,,512,512,RGB,3,,,,350/40,raw,2.0,subjective_mos_0_4,,ff20dad6828681c9726358ed952a959413800b8b9e4b92023bda5aa1dffc3532,RGB with three identical channels (grayscale replicated)
ldctiqa,0530,0530.png,data/raw/ldctiqa/LDCTiqa_png/0530.png,,,,CT,,512,512,RGB,3,,,,350/40,raw,2.8,subjective_mos_0_4,,2d063fea0ba5be6b5fb86b98356449605642598c51048421383ca6638bd37cb6,RGB with three identical channels (grayscale replicated)
ldctiqa,0531,0531.png,data/raw/ldctiqa/LDCTiqa_png/0531.png,,,,CT,,512,512,RGB,3,,,,350/40,raw,1.6,subjective_mos_0_4,,bc6801f9502c939e6c96ea3e16ba87528fbb818dfc287356c5f3d99c88a7228e,RGB with three identical channels (grayscale replicated)
ldctiqa,0532,0532.png,data/raw/ldctiqa/LDCTiqa_png/0532.png,,,,CT,,512,512,RGB,3,,,,350/40,raw,1.4,subjective_mos_0_4,,7cc106ef72e3aebe98ad6ad8a0a627b8dc8c967422ce4b341042f9a76720fd30,RGB with three identical channels (grayscale replicated)
ldctiqa,0533,0533.png,data/raw/ldctiqa/LDCTiqa_png/0533.png,,,,CT,,512,512,RGB,3,,,,350/40,raw,2.4,subjective_mos_0_4,,246c3ade6d8902bc191fe1f8d9beee0e03451b11e4195e5f56e6c9ccd07a1e5e,RGB with three identical channels (grayscale replicated)
ldctiqa,0534,0534.png,data/raw/ldctiqa/LDCTiqa_png/0534.png,,,,CT,,512,512,RGB,3,,,,350/40,raw,1.6,subjective_mos_0_4,,7f005123a3604dd76a64818bad2aa2b11497909297c9cfd70dfef1966ae03508,RGB with three identical channels (grayscale replicated)
ldctiqa,0535,0535.png,data/raw/ldctiqa/LDCTiqa_png/0535.png,,,,CT,,512,512,RGB,3,,,,350/40,raw,2.6,subjective_mos_0_4,,fe3284d05ee2b0023ee276bf4f944cc4330ee048aeec294d802881f899219b8f,RGB with three identical channels (grayscale replicated)
ldctiqa,0536,0536.png,data/raw/ldctiqa/LDCTiqa_png/0536.png,,,,CT,,512,512,RGB,3,,,,350/40,raw,3.8,subjective_mos_0_4,,1ab4d0b25910d5004115da4bf582531ba474a004d65f8b78d2896b54ef1f4762,RGB with three identical channels (grayscale replicated)
ldctiqa,0537,0537.png,data/raw/ldctiqa/LDCTiqa_png/0537.png,,,,CT,,512,512,RGB,3,,,,350/40,raw,1.8,subjective_mos_0_4,,321fe4574275a44bd6667d7c93d49a39aad01243c64ff405e519f253f07e6207,RGB with three identical channels (grayscale replicated)
ldctiqa,0538,0538.png,data/raw/ldctiqa/LDCTiqa_png/0538.png,,,,CT,,512,512,RGB,3,,,,350/40,raw,2.0,subjective_mos_0_4,,b8b736c0a852ce462246b55c4baaa970d6d0299e1b8379dc79218c0c6a2cc8a8,RGB with three identical channels (grayscale replicated)
ldctiqa,0539,0539.png,data/raw/ldctiqa/LDCTiqa_png/0539.png,,,,CT,,512,512,RGB,3,,,,350/40,raw,3.0,subjective_mos_0_4,,4a747f149403c87b1bde325a970843f198e1d3f23e2f0125d7ca986b2441a11a,RGB with three identical channels (grayscale replicated)
ldctiqa,0540,0540.png,data/raw/ldctiqa/LDCTiqa_png/0540.png,,,,CT,,512,512,RGB,3,,,,350/40,raw,3.4,subjective_mos_0_4,,b62728362cade874b0ba034809f640dcf64e7847d952e4d1074df6d6b4eef253,RGB with three identical channels (grayscale replicated)
ldctiqa,0541,0541.png,data/raw/ldctiqa/LDCTiqa_png/0541.png,,,,CT,,512,512,RGB,3,,,,350/40,raw,1.8,subjective_mos_0_4,,fd00981ee9195bb23539c460b2bef66c27773c541b42f412648cbb9b5b221916,RGB with three identical channels (grayscale replicated)
ldctiqa,0542,0542.png,data/raw/ldctiqa/LDCTiqa_png/0542.png,,,,CT,,512,512,RGB,3,,,,350/40,raw,3.8,subjective_mos_0_4,,07faf07435d98ab0fc10b21b2da1d1dabac7d5eb442de82c10d1cb44fa6a0166,RGB with three identical channels (grayscale replicated)
ldctiqa,0543,0543.png,data/raw/ldctiqa/LDCTiqa_png/0543.png,,,,CT,,512,512,RGB,3,,,,350/40,raw,1.4,subjective_mos_0_4,,1dea962135626b9e392709bb75f317b490fbb606bb91b9e9a8737645abec6007,RGB with three identical channels (grayscale replicated)
ldctiqa,0544,0544.png,data/raw/ldctiqa/LDCTiqa_png/0544.png,,,,CT,,512,512,RGB,3,,,,350/40,raw,3.4,subjective_mos_0_4,,3e2bcc840bc0a1791b890c49efe65e799e09ecd4412e9fd849008065822436f6,RGB with three identical channels (grayscale replicated)
ldctiqa,0545,0545.png,data/raw/ldctiqa/LDCTiqa_png/0545.png,,,,CT,,512,512,RGB,3,,,,350/40,raw,2.6,subjective_mos_0_4,,319c49009a9584c01e58c78f4452624540003ed41072d391e1c753e6a76aa60b,RGB with three identical channels (grayscale replicated)
ldctiqa,0546,0546.png,data/raw/ldctiqa/LDCTiqa_png/0546.png,,,,CT,,512,512,RGB,3,,,,350/40,raw,3.8,subjective_mos_0_4,,2a6d99a37a4f4257630a4142c152164f6a0ac30b72fd9252d710afa39b04da7e,RGB with three identical channels (grayscale replicated)
ldctiqa,0547,0547.png,data/raw/ldctiqa/LDCTiqa_png/0547.png,,,,CT,,512,512,RGB,3,,,,350/40,raw,1.6,subjective_mos_0_4,,ff61a82124af657dcddf0a57f3f6f8b0ac22a46df641c9d9a99f882a62ed8c9e,RGB with three identical channels (grayscale replicated)
ldctiqa,0548,0548.png,data/raw/ldctiqa/LDCTiqa_png/0548.png,,,,CT,,512,512,RGB,3,,,,350/40,raw,2.6,subjective_mos_0_4,,a43d5584c1ab760f33baf0f2393c43e15df5d614d607cc1e27f3c727b258382c,RGB with three identical channels (grayscale replicated)
ldctiqa,0549,0549.png,data/raw/ldctiqa/LDCTiqa_png/0549.png,,,,CT,,512,512,RGB,3,,,,350/40,raw,2.8,subjective_mos_0_4,,636f1ac0964f6b87efbb03a3042ace38840c4d74b7b4d24fe89f83fe5a37abe2,RGB with three identical channels (grayscale replicated)
ldctiqa,0550,0550.png,data/raw/ldctiqa/LDCTiqa_png/0550.png,,,,CT,,512,512,RGB,3,,,,350/40,raw,2.6,subjective_mos_0_4,,c48da078f17281b9c8690febea1dbc67d539b7b6e7907ac0f62bbdebd2cca4cb,RGB with three identical channels (grayscale replicated)
ldctiqa,0551,0551.png,data/raw/ldctiqa/LDCTiqa_png/0551.png,,,,CT,,512,512,RGB,3,,,,350/40,raw,3.4,subjective_mos_0_4,,acc4437303476ef7636b2d363ef03197e8ec18185aa9faf89e23caba90808bf4,RGB with three identical channels (grayscale replicated)
ldctiqa,0552,0552.png,data/raw/ldctiqa/LDCTiqa_png/0552.png,,,,CT,,512,512,RGB,3,,,,350/40,raw,2.8,subjective_mos_0_4,,3a3e2a8f2a997ea64e7a8974223e6649a10ad8e4059b4c089c3749e5aa5c395b,RGB with three identical channels (grayscale replicated)
ldctiqa,0553,0553.png,data/raw/ldctiqa/LDCTiqa_png/0553.png,,,,CT,,512,512,RGB,3,,,,350/40,raw,2.0,subjective_mos_0_4,,1ca2ef371918304a9da16b35361a74f16831d1358f9301d59cee69fb5b69a977,RGB with three identical channels (grayscale replicated)
ldctiqa,0554,0554.png,data/raw/ldctiqa/LDCTiqa_png/0554.png,,,,CT,,512,512,RGB,3,,,,350/40,raw,3.2,subjective_mos_0_4,,5c7d0eb59725f69e221d28a6bce3d475ba9fa92338d7f68f1978b2b7f4c06344,RGB with three identical channels (grayscale replicated)
ldctiqa,0555,0555.png,data/raw/ldctiqa/LDCTiqa_png/0555.png,,,,CT,,512,512,RGB,3,,,,350/40,raw,2.0,subjective_mos_0_4,,6d703e49b26874e77614eb2918fec07ab868f1eba18769ef1bf69922fe3bfb84,RGB with three identical channels (grayscale replicated)
ldctiqa,0556,0556.png,data/raw/ldctiqa/LDCTiqa_png/0556.png,,,,CT,,512,512,RGB,3,,,,350/40,raw,2.6,subjective_mos_0_4,,b9a53040a90819a3bafb7fdb2f9b928a5fd155d91b0bd79b866b5ddc56ae3d6d,RGB with three identical channels (grayscale replicated)
ldctiqa,0557,0557.png,data/raw/ldctiqa/LDCTiqa_png/0557.png,,,,CT,,512,512,RGB,3,,,,350/40,raw,3.0,subjective_mos_0_4,,3298af4e2583986744252b557aaddf060df72f92881efc0a516c7c32618e2800,RGB with three identical channels (grayscale replicated)
ldctiqa,0558,0558.png,data/raw/ldctiqa/LDCTiqa_png/0558.png,,,,CT,,512,512,RGB,3,,,,350/40,raw,2.8,subjective_mos_0_4,,9bb927bda80f43585a9c05ff65368d7931587d3c2adb4f7a1b61c2f8cb8c5ea7,RGB with three identical channels (grayscale replicated)
ldctiqa,0559,0559.png,data/raw/ldctiqa/LDCTiqa_png/0559.png,,,,CT,,512,512,RGB,3,,,,350/40,raw,3.8,subjective_mos_0_4,,0c1b4e7e6d191132d27c82f121d02ff5580a7ceb2965eba594397e2f31f8ae2e,RGB with three identical channels (grayscale replicated)
ldctiqa,0560,0560.png,data/raw/ldctiqa/LDCTiqa_png/0560.png,,,,CT,,512,512,RGB,3,,,,350/40,raw,2.4,subjective_mos_0_4,,f72b961686799d975fa6b3ca8725b4cc68399484d1bd192cbff141a4acec9761,RGB with three identical channels (grayscale replicated)
ldctiqa,0561,0561.png,data/raw/ldctiqa/LDCTiqa_png/0561.png,,,,CT,,512,512,RGB,3,,,,350/40,raw,3.2,subjective_mos_0_4,,fcca60ca6506351cf277016536a5037c941078d0ba40df618ce69005089f74b2,RGB with three identical channels (grayscale replicated)
ldctiqa,0562,0562.png,data/raw/ldctiqa/LDCTiqa_png/0562.png,,,,CT,,512,512,RGB,3,,,,350/40,raw,1.4,subjective_mos_0_4,,5760f8302d05cd9081868039da6c293c28717feaa41366fcb56d2f52ab09975f,RGB with three identical channels (grayscale replicated)
ldctiqa,0563,0563.png,data/raw/ldctiqa/LDCTiqa_png/0563.png,,,,CT,,512,512,RGB,3,,,,350/40,raw,3.6,subjective_mos_0_4,,f0a4187b0551e17818e64068bde8b096f9f2de7700dc8bac16e4d0bcde24e7a8,RGB with three identical channels (grayscale replicated)
ldctiqa,0564,0564.png,data/raw/ldctiqa/LDCTiqa_png/0564.png,,,,CT,,512,512,RGB,3,,,,350/40,raw,2.0,subjective_mos_0_4,,471d2102e97b6115a7deeda20f4c7f064223a6fcd8cd1006662cdf6a6aeace68,RGB with three identical channels (grayscale replicated)
ldctiqa,0565,0565.png,data/raw/ldctiqa/LDCTiqa_png/0565.png,,,,CT,,512,512,RGB,3,,,,350/40,raw,3.2,subjective_mos_0_4,,9cbdc4e49d31659abb3f64704f9f0136a17d8e74f4c5789af36d27e729d102b4,RGB with three identical channels (grayscale replicated)
ldctiqa,0566,0566.png,data/raw/ldctiqa/LDCTiqa_png/0566.png,,,,CT,,512,512,RGB,3,,,,350/40,raw,1.2,subjective_mos_0_4,,613aab93539d0cc473cbc53687f1632d51ab7a5df93a41b3fd59434f69ad17f4,RGB with three identical channels (grayscale replicated)
ldctiqa,0567,0567.png,data/raw/ldctiqa/LDCTiqa_png/0567.png,,,,CT,,512,512,RGB,3,,,,350/40,raw,2.6,subjective_mos_0_4,,d394d3c009519b74bc5226ff76176a69c83a3ec5a4c4dc9f3f2d8e1c064c8f3c,RGB with three identical channels (grayscale replicated)
ldctiqa,0568,0568.png,data/raw/ldctiqa/LDCTiqa_png/0568.png,,,,CT,,512,512,RGB,3,,,,350/40,raw,2.6,subjective_mos_0_4,,8731dffa7a3696fb70b770135e634b0d773b05325903dd5a1bd45c3345ee999d,RGB with three identical channels (grayscale replicated)
ldctiqa,0569,0569.png,data/raw/ldctiqa/LDCTiqa_png/0569.png,,,,CT,,512,512,RGB,3,,,,350/40,raw,2.0,subjective_mos_0_4,,ef274f2d7a1d0f69fe8a83b6fee456fe55627974f1c02240791c7dfe84bbac47,RGB with three identical channels (grayscale replicated)
ldctiqa,0570,0570.png,data/raw/ldctiqa/LDCTiqa_png/0570.png,,,,CT,,512,512,RGB,3,,,,350/40,raw,2.2,subjective_mos_0_4,,537ef91bf8af522944b82d9fbd88cf9e945d698f7e37e63f38dac61ea2c87aaa,RGB with three identical channels (grayscale replicated)
ldctiqa,0571,0571.png,data/raw/ldctiqa/LDCTiqa_png/0571.png,,,,CT,,512,512,RGB,3,,,,350/40,raw,2.4,subjective_mos_0_4,,f7b5658b9352bf331f647b9493af0f1d6e0f53bc9e49cb070c757f111f4e4088,RGB with three identical channels (grayscale replicated)
ldctiqa,0572,0572.png,data/raw/ldctiqa/LDCTiqa_png/0572.png,,,,CT,,512,512,RGB,3,,,,350/40,raw,3.4,subjective_mos_0_4,,f95cd84f53d356d44b8270f16d7e62ec052b72c639a34f533c7ce528e4ee9b3e,RGB with three identical channels (grayscale replicated)
ldctiqa,0573,0573.png,data/raw/ldctiqa/LDCTiqa_png/0573.png,,,,CT,,512,512,RGB,3,,,,350/40,raw,1.0,subjective_mos_0_4,,77dead2b5c4e827e780502cacdf6283c1174003158778a3dcb46705bee57e3e8,RGB with three identical channels (grayscale replicated)
ldctiqa,0574,0574.png,data/raw/ldctiqa/LDCTiqa_png/0574.png,,,,CT,,512,512,RGB,3,,,,350/40,raw,2.6,subjective_mos_0_4,,9d8100a5e7eecfdda582b1de9be958b46b58c1b89c17d73d5194c6bea267c29d,RGB with three identical channels (grayscale replicated)
ldctiqa,0575,0575.png,data/raw/ldctiqa/LDCTiqa_png/0575.png,,,,CT,,512,512,RGB,3,,,,350/40,raw,1.6,subjective_mos_0_4,,e5434f0684d0e402b6b9bbe0601a16927b3296e45833a9b754dc3e99577abb47,RGB with three identical channels (grayscale replicated)
ldctiqa,0576,0576.png,data/raw/ldctiqa/LDCTiqa_png/0576.png,,,,CT,,512,512,RGB,3,,,,350/40,raw,0.8,subjective_mos_0_4,,b0cd111b2a39acc70e76eb169e58549fc8b5ed1dc3feb4397011a2840b44056a,RGB with three identical channels (grayscale replicated)
ldctiqa,0577,0577.png,data/raw/ldctiqa/LDCTiqa_png/0577.png,,,,CT,,512,512,RGB,3,,,,350/40,raw,2.2,subjective_mos_0_4,,8a2b87cb9954e877e9da94964a3a8c790959f2a4c266b373aaf7bf8938e63cce,RGB with three identical channels (grayscale replicated)
ldctiqa,0578,0578.png,data/raw/ldctiqa/LDCTiqa_png/0578.png,,,,CT,,512,512,RGB,3,,,,350/40,raw,1.2,subjective_mos_0_4,,d205a125c78cac584e1fe50c7b16795c2e823f92e56acf48fbf4f5cf9d6bec76,RGB with three identical channels (grayscale replicated)
ldctiqa,0579,0579.png,data/raw/ldctiqa/LDCTiqa_png/0579.png,,,,CT,,512,512,RGB,3,,,,350/40,raw,2.4,subjective_mos_0_4,,5c4eeedac48a70dd9545c7261876dae8ed2f24eb2a689736fc6e4aa09d6bd8df,RGB with three identical channels (grayscale replicated)
ldctiqa,0580,0580.png,data/raw/ldctiqa/LDCTiqa_png/0580.png,,,,CT,,512,512,RGB,3,,,,350/40,raw,1.2,subjective_mos_0_4,,bb1a06daab2b406f75f6710a94c601666c6e8530dab67f3cae2d0fa376aa3e04,RGB with three identical channels (grayscale replicated)
ldctiqa,0581,0581.png,data/raw/ldctiqa/LDCTiqa_png/0581.png,,,,CT,,512,512,RGB,3,,,,350/40,raw,1.8,subjective_mos_0_4,,1593335f6f5594127ae3d7cd0e461875420de30b46533f0f4d92790e6960415f,RGB with three identical channels (grayscale replicated)
ldctiqa,0582,0582.png,data/raw/ldctiqa/LDCTiqa_png/0582.png,,,,CT,,512,512,RGB,3,,,,350/40,raw,1.4,subjective_mos_0_4,,16adf6d82143587f85cf35c280ddf2b0d77c30aeb6205dbe32f890f125a3d823,RGB with three identical channels (grayscale replicated)
ldctiqa,0583,0583.png,data/raw/ldctiqa/LDCTiqa_png/0583.png,,,,CT,,512,512,RGB,3,,,,350/40,raw,3.0,subjective_mos_0_4,,3cbe1bcd36b481ce2e42995e405ad2ef40f58bd2271304fab00d51e8ee2683a9,RGB with three identical channels (grayscale replicated)
ldctiqa,0584,0584.png,data/raw/ldctiqa/LDCTiqa_png/0584.png,,,,CT,,512,512,RGB,3,,,,350/40,raw,2.0,subjective_mos_0_4,,894a7f3e7c069a327fda949cdbc0fe096cf89109b9652be3c5b8ff45838ed555,RGB with three identical channels (grayscale replicated)
ldctiqa,0585,0585.png,data/raw/ldctiqa/LDCTiqa_png/0585.png,,,,CT,,512,512,RGB,3,,,,350/40,raw,3.0,subjective_mos_0_4,,de386aa6524ef83567fd8f805ac29653eb67f1af883d15cfb1e3aa0452e5cd2b,RGB with three identical channels (grayscale replicated)
ldctiqa,0586,0586.png,data/raw/ldctiqa/LDCTiqa_png/0586.png,,,,CT,,512,512,RGB,3,,,,350/40,raw,1.8,subjective_mos_0_4,,9bf7c14045351332f3a75b87a0fc5c573cf607b81bd7ec519dc51daffeb60a12,RGB with three identical channels (grayscale replicated)
ldctiqa,0587,0587.png,data/raw/ldctiqa/LDCTiqa_png/0587.png,,,,CT,,512,512,RGB,3,,,,350/40,raw,1.2,subjective_mos_0_4,,ff1cc179e386310fee00190b236c6a50c59b0d206c37979ada684433370cec27,RGB with three identical channels (grayscale replicated)
ldctiqa,0588,0588.png,data/raw/ldctiqa/LDCTiqa_png/0588.png,,,,CT,,512,512,RGB,3,,,,350/40,raw,1.6,subjective_mos_0_4,,f2759de6fc5f1e25f27cc20d2347f3708b673b2022f8cacb2ce9923b338c7ae9,RGB with three identical channels (grayscale replicated)
ldctiqa,0589,0589.png,data/raw/ldctiqa/LDCTiqa_png/0589.png,,,,CT,,512,512,RGB,3,,,,350/40,raw,2.4,subjective_mos_0_4,,d13d6b9be70aa043347a1502e103b370eb22659d75acb3d98c91ccb677ce4a38,RGB with three identical channels (grayscale replicated)
ldctiqa,0590,0590.png,data/raw/ldctiqa/LDCTiqa_png/0590.png,,,,CT,,512,512,RGB,3,,,,350/40,raw,1.6,subjective_mos_0_4,,2deaa5df9330dba4e21193fe8afde05f072da551f45d1c74bf0a254f76373c00,RGB with three identical channels (grayscale replicated)
ldctiqa,0591,0591.png,data/raw/ldctiqa/LDCTiqa_png/0591.png,,,,CT,,512,512,RGB,3,,,,350/40,raw,0.8,subjective_mos_0_4,,e2b05cd973100ff391f7af2ae6a04234adc4e86028034d24f2ae673c1e8078d6,RGB with three identical channels (grayscale replicated)
ldctiqa,0592,0592.png,data/raw/ldctiqa/LDCTiqa_png/0592.png,,,,CT,,512,512,RGB,3,,,,350/40,raw,3.2,subjective_mos_0_4,,e16539d44f75ff6740881a85f13660ec9de6145437bf3d688c9d21ec6767de2f,RGB with three identical channels (grayscale replicated)
ldctiqa,0593,0593.png,data/raw/ldctiqa/LDCTiqa_png/0593.png,,,,CT,,512,512,RGB,3,,,,350/40,raw,2.2,subjective_mos_0_4,,08de28674cd9df163f71cc9053ef0c6f670c3fe1493fa2ef2e3ca28c04a1f74d,RGB with three identical channels (grayscale replicated)
ldctiqa,0594,0594.png,data/raw/ldctiqa/LDCTiqa_png/0594.png,,,,CT,,512,512,RGB,3,,,,350/40,raw,0.8,subjective_mos_0_4,,7e3eb029c6ca08ebdfe860f7c8bb7fc34958d885e6d7083fc015bd09c1d24cf3,RGB with three identical channels (grayscale replicated)
ldctiqa,0595,0595.png,data/raw/ldctiqa/LDCTiqa_png/0595.png,,,,CT,,512,512,RGB,3,,,,350/40,raw,2.8,subjective_mos_0_4,,f400f8d0e1d20036f52ae1883176d66c1804d5187574355be4b5ac0316eb08b2,RGB with three identical channels (grayscale replicated)
ldctiqa,0596,0596.png,data/raw/ldctiqa/LDCTiqa_png/0596.png,,,,CT,,512,512,RGB,3,,,,350/40,raw,1.4,subjective_mos_0_4,,31ee572e7496b362ac111f3b16f5fe9584c1a8d58276ca42d42937dddf503ef6,RGB with three identical channels (grayscale replicated)
ldctiqa,0597,0597.png,data/raw/ldctiqa/LDCTiqa_png/0597.png,,,,CT,,512,512,RGB,3,,,,350/40,raw,1.2,subjective_mos_0_4,,68115f4a00895e598e745bb7ca7cdd54c37fa285e7ceab23a8fe2ca90dc6e6bf,RGB with three identical channels (grayscale replicated)
ldctiqa,0598,0598.png,data/raw/ldctiqa/LDCTiqa_png/0598.png,,,,CT,,512,512,RGB,3,,,,350/40,raw,1.2,subjective_mos_0_4,,5b7547b4503af573248776940cea8ef8311a43c0ff91ee50f80f77c650455de7,RGB with three identical channels (grayscale replicated)
ldctiqa,0599,0599.png,data/raw/ldctiqa/LDCTiqa_png/0599.png,,,,CT,,512,512,RGB,3,,,,350/40,raw,2.6,subjective_mos_0_4,,e4759b431174dcd580a662df3d6eae0264a104f807bd13a424b0b59aa664568b,RGB with three identical channels (grayscale replicated)
ldctiqa,0600,0600.png,data/raw/ldctiqa/LDCTiqa_png/0600.png,,,,CT,,512,512,RGB,3,,,,350/40,raw,0.8,subjective_mos_0_4,,e0a4bfe8432bf3a763282c872cba4a908ab8f7bce148365afed3443550090f53,RGB with three identical channels (grayscale replicated)
ldctiqa,0601,0601.png,data/raw/ldctiqa/LDCTiqa_png/0601.png,,,,CT,,512,512,RGB,3,,,,350/40,raw,1.2,subjective_mos_0_4,,3d1cb4eb612633724f14cee7769326e7a1f97d1c06726a83ac39e5d24387a19c,RGB with three identical channels (grayscale replicated)
ldctiqa,0602,0602.png,data/raw/ldctiqa/LDCTiqa_png/0602.png,,,,CT,,512,512,RGB,3,,,,350/40,raw,1.0,subjective_mos_0_4,,70cbb9437917ab2d371fd233b2ac5a231bbed9b2dafd2a79e5ff562ce09c2e68,RGB with three identical channels (grayscale replicated)
ldctiqa,0603,0603.png,data/raw/ldctiqa/LDCTiqa_png/0603.png,,,,CT,,512,512,RGB,3,,,,350/40,raw,0.8,subjective_mos_0_4,,37c61359f72fcf2ceb873a1751f16e3fee426837c4baa2857e8846eb61d143d7,RGB with three identical channels (grayscale replicated)
ldctiqa,0604,0604.png,data/raw/ldctiqa/LDCTiqa_png/0604.png,,,,CT,,512,512,RGB,3,,,,350/40,raw,1.6,subjective_mos_0_4,,d2d6792f82a7097cf6658214ea9569f61d6f51556b6d7ad3a7617387d852d40f,RGB with three identical channels (grayscale replicated)
ldctiqa,0605,0605.png,data/raw/ldctiqa/LDCTiqa_png/0605.png,,,,CT,,512,512,RGB,3,,,,350/40,raw,0.4,subjective_mos_0_4,,0abc0d7e3e4500c34c586608499daa8e8006dc3df28ec9459fbb84f26aa48bb1,RGB with three identical channels (grayscale replicated)
ldctiqa,0606,0606.png,data/raw/ldctiqa/LDCTiqa_png/0606.png,,,,CT,,512,512,RGB,3,,,,350/40,raw,2.4,subjective_mos_0_4,,560bfba9dfa2d2582fd758134b37f2534bd905f4c6f81b4f6d38ef239f2fbe72,RGB with three identical channels (grayscale replicated)
ldctiqa,0607,0607.png,data/raw/ldctiqa/LDCTiqa_png/0607.png,,,,CT,,512,512,RGB,3,,,,350/40,raw,1.8,subjective_mos_0_4,,1cbfa28433f9b38a00a0236ec8b6984dd1a395b948ab276f2a3448e2a239ebb2,RGB with three identical channels (grayscale replicated)
ldctiqa,0608,0608.png,data/raw/ldctiqa/LDCTiqa_png/0608.png,,,,CT,,512,512,RGB,3,,,,350/40,raw,2.2,subjective_mos_0_4,,45f099898508fa9e7a2be761e460f90d9169a7e345a3affff985a83bfd9a5ff1,RGB with three identical channels (grayscale replicated)
ldctiqa,0609,0609.png,data/raw/ldctiqa/LDCTiqa_png/0609.png,,,,CT,,512,512,RGB,3,,,,350/40,raw,3.4,subjective_mos_0_4,,edb9918854c08549bb722e3a4e350e639317cdaf4cdc71779a91774a8c668d4e,RGB with three identical channels (grayscale replicated)
ldctiqa,0610,0610.png,data/raw/ldctiqa/LDCTiqa_png/0610.png,,,,CT,,512,512,RGB,3,,,,350/40,raw,2.0,subjective_mos_0_4,,bf4f924ae64722c7ccb578937d47690811193081e320fd293dc22f2de90be9a6,RGB with three identical channels (grayscale replicated)
ldctiqa,0611,0611.png,data/raw/ldctiqa/LDCTiqa_png/0611.png,,,,CT,,512,512,RGB,3,,,,350/40,raw,0.6,subjective_mos_0_4,,003f2728174df9ea80f301eebbb862641aa3cf461856fe0692b3d60e88d32eeb,RGB with three identical channels (grayscale replicated)
ldctiqa,0612,0612.png,data/raw/ldctiqa/LDCTiqa_png/0612.png,,,,CT,,512,512,RGB,3,,,,350/40,raw,3.2,subjective_mos_0_4,,1f79745e1b07492db3b7a781883bf8bbdc1c1201c1800816fb2dc49e9fb920b6,RGB with three identical channels (grayscale replicated)
ldctiqa,0613,0613.png,data/raw/ldctiqa/LDCTiqa_png/0613.png,,,,CT,,512,512,RGB,3,,,,350/40,raw,3.8,subjective_mos_0_4,,6e0138de8118123783913584775ab5828931400f189c5f040610c51850712738,RGB with three identical channels (grayscale replicated)
ldctiqa,0614,0614.png,data/raw/ldctiqa/LDCTiqa_png/0614.png,,,,CT,,512,512,RGB,3,,,,350/40,raw,3.0,subjective_mos_0_4,,212bf8201732c52e2a4399635346e3da35b47396c532cb941b614d1c5cb5d299,RGB with three identical channels (grayscale replicated)
ldctiqa,0615,0615.png,data/raw/ldctiqa/LDCTiqa_png/0615.png,,,,CT,,512,512,RGB,3,,,,350/40,raw,3.4,subjective_mos_0_4,,8c4cb59ec3d0fe48c1e0938a8694003b19425227237ddb563d94fa5f5090de5a,RGB with three identical channels (grayscale replicated)
ldctiqa,0616,0616.png,data/raw/ldctiqa/LDCTiqa_png/0616.png,,,,CT,,512,512,RGB,3,,,,350/40,raw,2.0,subjective_mos_0_4,,8a7b2db8ade609993e9f1e1f01141d33116dbb59676d7ae3cc9bea4e70988bef,RGB with three identical channels (grayscale replicated)
ldctiqa,0617,0617.png,data/raw/ldctiqa/LDCTiqa_png/0617.png,,,,CT,,512,512,RGB,3,,,,350/40,raw,1.0,subjective_mos_0_4,,ee17f8262c17d9fd428cd636789776aa28ed38d50fd3bc84181657627a44e422,RGB with three identical channels (grayscale replicated)
ldctiqa,0618,0618.png,data/raw/ldctiqa/LDCTiqa_png/0618.png,,,,CT,,512,512,RGB,3,,,,350/40,raw,3.0,subjective_mos_0_4,,5a1c5caf1a88d60eb38400b063d7d90aa1c3166f4b7a921de1e3c7b436f9830e,RGB with three identical channels (grayscale replicated)
ldctiqa,0619,0619.png,data/raw/ldctiqa/LDCTiqa_png/0619.png,,,,CT,,512,512,RGB,3,,,,350/40,raw,1.2,subjective_mos_0_4,,7dc8c544420f40ced61bf9622126f28d61a646919a3f3939c2300fbbfccec7ab,RGB with three identical channels (grayscale replicated)
ldctiqa,0620,0620.png,data/raw/ldctiqa/LDCTiqa_png/0620.png,,,,CT,,512,512,RGB,3,,,,350/40,raw,3.4,subjective_mos_0_4,,47a6e3f74af4cc64bfad42b52ab2699248de5e46050b176f7896fa8e70cede57,RGB with three identical channels (grayscale replicated)
ldctiqa,0621,0621.png,data/raw/ldctiqa/LDCTiqa_png/0621.png,,,,CT,,512,512,RGB,3,,,,350/40,raw,1.8,subjective_mos_0_4,,edef20b25207d33da0b0d62ef4d0a4db968281ad0a73880074aba397b17d95fe,RGB with three identical channels (grayscale replicated)
ldctiqa,0622,0622.png,data/raw/ldctiqa/LDCTiqa_png/0622.png,,,,CT,,512,512,RGB,3,,,,350/40,raw,3.8,subjective_mos_0_4,,3ab2cd823fcce061810ffcb5c4fc31cc20893917930becd0412f25c6991bd731,RGB with three identical channels (grayscale replicated)
ldctiqa,0623,0623.png,data/raw/ldctiqa/LDCTiqa_png/0623.png,,,,CT,,512,512,RGB,3,,,,350/40,raw,2.4,subjective_mos_0_4,,2a5ddb9463d3c0b1584384ae55d134c6c4e26e074dfa9037818e693c06939956,RGB with three identical channels (grayscale replicated)
ldctiqa,0624,0624.png,data/raw/ldctiqa/LDCTiqa_png/0624.png,,,,CT,,512,512,RGB,3,,,,350/40,raw,1.6,subjective_mos_0_4,,559c3dd088776d945734061e8f0e3622e5b08e2e1a9f7986e1a8e9e94052e4fb,RGB with three identical channels (grayscale replicated)
ldctiqa,0625,0625.png,data/raw/ldctiqa/LDCTiqa_png/0625.png,,,,CT,,512,512,RGB,3,,,,350/40,raw,1.0,subjective_mos_0_4,,06cb01456d656bd5469076b41ce1faea8e99c1ef1d1770a74c7fb2aca1ca6a94,RGB with three identical channels (grayscale replicated)
ldctiqa,0626,0626.png,data/raw/ldctiqa/LDCTiqa_png/0626.png,,,,CT,,512,512,RGB,3,,,,350/40,raw,3.8,subjective_mos_0_4,,b556ff4f7e15b1583572bcb2215b33380aec2d4a1b53e8f895f2313b3e93038e,RGB with three identical channels (grayscale replicated)
ldctiqa,0627,0627.png,data/raw/ldctiqa/LDCTiqa_png/0627.png,,,,CT,,512,512,RGB,3,,,,350/40,raw,1.6,subjective_mos_0_4,,b7bafcb3711b41fe24b77b56331ee8d499a6e32ba6f2675dcad54614c700f510,RGB with three identical channels (grayscale replicated)
ldctiqa,0628,0628.png,data/raw/ldctiqa/LDCTiqa_png/0628.png,,,,CT,,512,512,RGB,3,,,,350/40,raw,2.2,subjective_mos_0_4,,8dfab218045740f482d5bc80ff0306c618c8b0f49d690b35ba0bc475f4ea6ec3,RGB with three identical channels (grayscale replicated)
ldctiqa,0629,0629.png,data/raw/ldctiqa/LDCTiqa_png/0629.png,,,,CT,,512,512,RGB,3,,,,350/40,raw,3.8,subjective_mos_0_4,,563a3f287dce47c03064713ab918d71f8bfaeb428a16af9852859984898ea6e7,RGB with three identical channels (grayscale replicated)
ldctiqa,0630,0630.png,data/raw/ldctiqa/LDCTiqa_png/0630.png,,,,CT,,512,512,RGB,3,,,,350/40,raw,1.4,subjective_mos_0_4,,f43ad477285890b92d0cb2b0e3ff1ed9a57ebc63575a2d68ff7125aeff3ba2ca,RGB with three identical channels (grayscale replicated)
ldctiqa,0631,0631.png,data/raw/ldctiqa/LDCTiqa_png/0631.png,,,,CT,,512,512,RGB,3,,,,350/40,raw,1.2,subjective_mos_0_4,,4002c7b6fdcf6da9e555081987f2656a744e60a458c96bb176a26d5d15105979,RGB with three identical channels (grayscale replicated)
ldctiqa,0632,0632.png,data/raw/ldctiqa/LDCTiqa_png/0632.png,,,,CT,,512,512,RGB,3,,,,350/40,raw,3.6,subjective_mos_0_4,,3d50c273a7669422aac8e5306c557d98b3aa0dae5e6b7a10d111f4ad170fd22d,RGB with three identical channels (grayscale replicated)
ldctiqa,0633,0633.png,data/raw/ldctiqa/LDCTiqa_png/0633.png,,,,CT,,512,512,RGB,3,,,,350/40,raw,2.6,subjective_mos_0_4,,953e7c6d19469583581404da5ff3dd08d07fdc6cea16786a6ba32ed5741387ae,RGB with three identical channels (grayscale replicated)
ldctiqa,0634,0634.png,data/raw/ldctiqa/LDCTiqa_png/0634.png,,,,CT,,512,512,RGB,3,,,,350/40,raw,3.0,subjective_mos_0_4,,7109625c05a1754054b4d64f4434318988ec113f233564b04ded9cff3775cc9e,RGB with three identical channels (grayscale replicated)
ldctiqa,0635,0635.png,data/raw/ldctiqa/LDCTiqa_png/0635.png,,,,CT,,512,512,RGB,3,,,,350/40,raw,1.6,subjective_mos_0_4,,f651b8d4f97374b2cf787593693919f3f10588ac37c6e7fcdce700c644cf8e4d,RGB with three identical channels (grayscale replicated)
ldctiqa,0636,0636.png,data/raw/ldctiqa/LDCTiqa_png/0636.png,,,,CT,,512,512,RGB,3,,,,350/40,raw,2.4,subjective_mos_0_4,,f1bdb1235191aecfb7c5734d15858486d34f0177ce386e706a417e42c2921a6c,RGB with three identical channels (grayscale replicated)
ldctiqa,0637,0637.png,data/raw/ldctiqa/LDCTiqa_png/0637.png,,,,CT,,512,512,RGB,3,,,,350/40,raw,1.2,subjective_mos_0_4,,9fbfad9eabff4082de9934b90f7ab52fa3c17d63e10a2388d199f3cadee975b1,RGB with three identical channels (grayscale replicated)
ldctiqa,0638,0638.png,data/raw/ldctiqa/LDCTiqa_png/0638.png,,,,CT,,512,512,RGB,3,,,,350/40,raw,1.0,subjective_mos_0_4,,a77be7c0cfe9bd8b72e21167226cd0eff9d52f924b7a1a35bb9ac2edb963fbfc,RGB with three identical channels (grayscale replicated)
ldctiqa,0639,0639.png,data/raw/ldctiqa/LDCTiqa_png/0639.png,,,,CT,,512,512,RGB,3,,,,350/40,raw,3.2,subjective_mos_0_4,,ffb20f7c5b0703aac38e1bd0fa6d7a86db3d1a2a9115317cac958e1a5ffb0792,RGB with three identical channels (grayscale replicated)
ldctiqa,0640,0640.png,data/raw/ldctiqa/LDCTiqa_png/0640.png,,,,CT,,512,512,RGB,3,,,,350/40,raw,1.0,subjective_mos_0_4,,9df6ccafb2da2d67b3dcd382c6949f67c2197865d75ffb9eb767ac5062373df4,RGB with three identical channels (grayscale replicated)
ldctiqa,0641,0641.png,data/raw/ldctiqa/LDCTiqa_png/0641.png,,,,CT,,512,512,RGB,3,,,,350/40,raw,3.0,subjective_mos_0_4,,9e79d15c0fcf62d6d7c8bfcf851903fa8bb16a0cacf722f666373ac72d59a5ce,RGB with three identical channels (grayscale replicated)
ldctiqa,0642,0642.png,data/raw/ldctiqa/LDCTiqa_png/0642.png,,,,CT,,512,512,RGB,3,,,,350/40,raw,2.6,subjective_mos_0_4,,62e243506655ca83d9ce89cd746733e2c14a149a7cae8403b469a9acd40642e0,RGB with three identical channels (grayscale replicated)
ldctiqa,0643,0643.png,data/raw/ldctiqa/LDCTiqa_png/0643.png,,,,CT,,512,512,RGB,3,,,,350/40,raw,3.8,subjective_mos_0_4,,c04fcafaebc2ea09c69f635668d624c1776bb45821904e31c47b11d606848c52,RGB with three identical channels (grayscale replicated)
ldctiqa,0644,0644.png,data/raw/ldctiqa/LDCTiqa_png/0644.png,,,,CT,,512,512,RGB,3,,,,350/40,raw,3.2,subjective_mos_0_4,,9988e4d3edb0d94850758a7bf2f6cf6c029412e54e46f8693a132afad0a60f3b,RGB with three identical channels (grayscale replicated)
ldctiqa,0645,0645.png,data/raw/ldctiqa/LDCTiqa_png/0645.png,,,,CT,,512,512,RGB,3,,,,350/40,raw,2.8,subjective_mos_0_4,,5fe641f98742995f0a6ed842ea060204d0a70a982b6972207985d487b2c433bb,RGB with three identical channels (grayscale replicated)
ldctiqa,0646,0646.png,data/raw/ldctiqa/LDCTiqa_png/0646.png,,,,CT,,512,512,RGB,3,,,,350/40,raw,3.8,subjective_mos_0_4,,366c3a0fee0ecf63a3c9a8676069b65c2f282f74620cd459823e0a5eee028f9f,RGB with three identical channels (grayscale replicated)
ldctiqa,0647,0647.png,data/raw/ldctiqa/LDCTiqa_png/0647.png,,,,CT,,512,512,RGB,3,,,,350/40,raw,2.4,subjective_mos_0_4,,235457ce21a0a3ed5d4d8a62c4e6933d596f46758f02efd28d2a5fcec6288ce3,RGB with three identical channels (grayscale replicated)
ldctiqa,0648,0648.png,data/raw/ldctiqa/LDCTiqa_png/0648.png,,,,CT,,512,512,RGB,3,,,,350/40,raw,1.4,subjective_mos_0_4,,c76c82e6eb70befa6c8eb37afe0f9f9bbf187f9af29a9f01293c08309a04b714,RGB with three identical channels (grayscale replicated)
ldctiqa,0649,0649.png,data/raw/ldctiqa/LDCTiqa_png/0649.png,,,,CT,,512,512,RGB,3,,,,350/40,raw,0.8,subjective_mos_0_4,,d57e8d2b7e241cecf221a969174147b938d4fa7b398719da66b37d06cc0f65d8,RGB with three identical channels (grayscale replicated)
ldctiqa,0650,0650.png,data/raw/ldctiqa/LDCTiqa_png/0650.png,,,,CT,,512,512,RGB,3,,,,350/40,raw,3.0,subjective_mos_0_4,,24e654f75fef3c70c0e13ad74a4621b4c3933891306ab543cefc45a99ef878a8,RGB with three identical channels (grayscale replicated)
ldctiqa,0651,0651.png,data/raw/ldctiqa/LDCTiqa_png/0651.png,,,,CT,,512,512,RGB,3,,,,350/40,raw,2.0,subjective_mos_0_4,,b6bd9e78260bceeb0dddc138f8b4694d5e12c3df7014ca0186fa3157c5540bf9,RGB with three identical channels (grayscale replicated)
ldctiqa,0652,0652.png,data/raw/ldctiqa/LDCTiqa_png/0652.png,,,,CT,,512,512,RGB,3,,,,350/40,raw,1.8,subjective_mos_0_4,,c836ea6c128f03f734803df0b73a8d188eff902bc6325f9138c7d0192de292a7,RGB with three identical channels (grayscale replicated)
ldctiqa,0653,0653.png,data/raw/ldctiqa/LDCTiqa_png/0653.png,,,,CT,,512,512,RGB,3,,,,350/40,raw,1.8,subjective_mos_0_4,,a3e2fb55c29b985e762c92d9f20255faef2f6b0e54bdd0ed50379ba821e4f7dc,RGB with three identical channels (grayscale replicated)
ldctiqa,0654,0654.png,data/raw/ldctiqa/LDCTiqa_png/0654.png,,,,CT,,512,512,RGB,3,,,,350/40,raw,1.4,subjective_mos_0_4,,4b5175857a29b1381131259eb9fe8b922a392dbd64f62d72efa33169cd33a82c,RGB with three identical channels (grayscale replicated)
ldctiqa,0655,0655.png,data/raw/ldctiqa/LDCTiqa_png/0655.png,,,,CT,,512,512,RGB,3,,,,350/40,raw,2.4,subjective_mos_0_4,,5ec89f0f4a36ad85b342c188c629010fa3e8ba7c8cc7319af1a78795f2cc56d0,RGB with three identical channels (grayscale replicated)
ldctiqa,0656,0656.png,data/raw/ldctiqa/LDCTiqa_png/0656.png,,,,CT,,512,512,RGB,3,,,,350/40,raw,2.6,subjective_mos_0_4,,40ee706ce1a34f84140efd48197aa1c9d5fcc48b29793f7efc09481d109c86d8,RGB with three identical channels (grayscale replicated)
ldctiqa,0657,0657.png,data/raw/ldctiqa/LDCTiqa_png/0657.png,,,,CT,,512,512,RGB,3,,,,350/40,raw,0.6,subjective_mos_0_4,,40b69d78fc727d80701da34b523027f341406f3107034c0c6c2afe760dccc430,RGB with three identical channels (grayscale replicated)
ldctiqa,0658,0658.png,data/raw/ldctiqa/LDCTiqa_png/0658.png,,,,CT,,512,512,RGB,3,,,,350/40,raw,1.0,subjective_mos_0_4,,7216f0937361c0639d5ed9c87d593398e2dc95248eb985247e9ced559c8f77e8,RGB with three identical channels (grayscale replicated)
ldctiqa,0659,0659.png,data/raw/ldctiqa/LDCTiqa_png/0659.png,,,,CT,,512,512,RGB,3,,,,350/40,raw,3.6,subjective_mos_0_4,,ed6927b0a3ba3f168cec803770d245bee8a9364f605e4a7a53aa4f5ae8e8dd4b,RGB with three identical channels (grayscale replicated)
ldctiqa,0660,0660.png,data/raw/ldctiqa/LDCTiqa_png/0660.png,,,,CT,,512,512,RGB,3,,,,350/40,raw,2.8,subjective_mos_0_4,,2a1abbdaa91d1d46a7ef17e8cfe58fcc74c33b6b22b84abec798abe11a33b934,RGB with three identical channels (grayscale replicated)
ldctiqa,0661,0661.png,data/raw/ldctiqa/LDCTiqa_png/0661.png,,,,CT,,512,512,RGB,3,,,,350/40,raw,1.4,subjective_mos_0_4,,3432e669a8c2eb71355d7b53355e52f46b3b12b1d35aa755e4659d72d933579a,RGB with three identical channels (grayscale replicated)
ldctiqa,0662,0662.png,data/raw/ldctiqa/LDCTiqa_png/0662.png,,,,CT,,512,512,RGB,3,,,,350/40,raw,2.0,subjective_mos_0_4,,b1a7ffeab8c568a77d2f3d8f86c74024de21eb9bee01f50ff90030f088c84b6d,RGB with three identical channels (grayscale replicated)
ldctiqa,0663,0663.png,data/raw/ldctiqa/LDCTiqa_png/0663.png,,,,CT,,512,512,RGB,3,,,,350/40,raw,0.6,subjective_mos_0_4,,4429dad7ac474f3b082161dd316a9d40b44b5c019d593f02f665baa0e9a319e1,RGB with three identical channels (grayscale replicated)
ldctiqa,0664,0664.png,data/raw/ldctiqa/LDCTiqa_png/0664.png,,,,CT,,512,512,RGB,3,,,,350/40,raw,2.6,subjective_mos_0_4,,95f3ba9ea6acbc621ab64af353c64d5b12630fd4aceb72e6d0533fb7d65f18a0,RGB with three identical channels (grayscale replicated)
ldctiqa,0665,0665.png,data/raw/ldctiqa/LDCTiqa_png/0665.png,,,,CT,,512,512,RGB,3,,,,350/40,raw,1.0,subjective_mos_0_4,,049e7c005a476ffd36704d4b5747ea4dd427122920b1cb10eb77fefd29712bb3,RGB with three identical channels (grayscale replicated)
ldctiqa,0666,0666.png,data/raw/ldctiqa/LDCTiqa_png/0666.png,,,,CT,,512,512,RGB,3,,,,350/40,raw,0.0,subjective_mos_0_4,,2991f864cc7452dd6b5d85d269ef8bf3cb98676f3c073d619376a6dafbb78f3d,RGB with three identical channels (grayscale replicated)
ldctiqa,0667,0667.png,data/raw/ldctiqa/LDCTiqa_png/0667.png,,,,CT,,512,512,RGB,3,,,,350/40,raw,0.6,subjective_mos_0_4,,6f484f8ae0ed96aafa9e8bb5e145cde21ebd376cd20a523266837aed60f14ce9,RGB with three identical channels (grayscale replicated)
ldctiqa,0668,0668.png,data/raw/ldctiqa/LDCTiqa_png/0668.png,,,,CT,,512,512,RGB,3,,,,350/40,raw,2.2,subjective_mos_0_4,,b21d5436c62589b258362959dd6269ddcf50dfc4802f5666e930689ee49db6ad,RGB with three identical channels (grayscale replicated)
ldctiqa,0669,0669.png,data/raw/ldctiqa/LDCTiqa_png/0669.png,,,,CT,,512,512,RGB,3,,,,350/40,raw,1.8,subjective_mos_0_4,,c6c308d33d0051c922240dd16a0bd98c237694ea6fd0c7c291511572730d71d8,RGB with three identical channels (grayscale replicated)
ldctiqa,0670,0670.png,data/raw/ldctiqa/LDCTiqa_png/0670.png,,,,CT,,512,512,RGB,3,,,,350/40,raw,0.0,subjective_mos_0_4,,9264fce5cff4e4fc98a3ae2cc2b4b98a7d42bcd0aded0706be84213198279b9b,RGB with three identical channels (grayscale replicated)
ldctiqa,0671,0671.png,data/raw/ldctiqa/LDCTiqa_png/0671.png,,,,CT,,512,512,RGB,3,,,,350/40,raw,1.0,subjective_mos_0_4,,7f32fdefd3030a86d53cb9c2c5ea8f0cfeea542f1836483d277944e5fbd2ad55,RGB with three identical channels (grayscale replicated)
ldctiqa,0672,0672.png,data/raw/ldctiqa/LDCTiqa_png/0672.png,,,,CT,,512,512,RGB,3,,,,350/40,raw,1.0,subjective_mos_0_4,,53eabdd1e5c538ae94d7b7b486084119cfda996c0ce043a1a62a621bbaf1644e,RGB with three identical channels (grayscale replicated)
ldctiqa,0673,0673.png,data/raw/ldctiqa/LDCTiqa_png/0673.png,,,,CT,,512,512,RGB,3,,,,350/40,raw,1.2,subjective_mos_0_4,,39238049fac0ba65c0cc53a512fea796fcc8c2f4ffbf5bf283e5d44195475499,RGB with three identical channels (grayscale replicated)
ldctiqa,0674,0674.png,data/raw/ldctiqa/LDCTiqa_png/0674.png,,,,CT,,512,512,RGB,3,,,,350/40,raw,0.8,subjective_mos_0_4,,a6913ec87e5ec67e2dd5855f0fb5125f4ce0562416996d9bfe07b6f78099014e,RGB with three identical channels (grayscale replicated)
ldctiqa,0675,0675.png,data/raw/ldctiqa/LDCTiqa_png/0675.png,,,,CT,,512,512,RGB,3,,,,350/40,raw,2.6,subjective_mos_0_4,,1f67b29e6a2bf99d31fde1b364ae992cebde3c192c4a109a514c270fddbe2cac,RGB with three identical channels (grayscale replicated)
ldctiqa,0676,0676.png,data/raw/ldctiqa/LDCTiqa_png/0676.png,,,,CT,,512,512,RGB,3,,,,350/40,raw,3.6,subjective_mos_0_4,,40759c2dc38f901265369a9dd1f19e08d1efe10d1caf625c20d6fecfbd775c9c,RGB with three identical channels (grayscale replicated)
ldctiqa,0677,0677.png,data/raw/ldctiqa/LDCTiqa_png/0677.png,,,,CT,,512,512,RGB,3,,,,350/40,raw,2.0,subjective_mos_0_4,,2ab9a60036c703ddbbcf2fae19757fb710d5c27ca5bbf0a97c625f60ced1156c,RGB with three identical channels (grayscale replicated)
ldctiqa,0678,0678.png,data/raw/ldctiqa/LDCTiqa_png/0678.png,,,,CT,,512,512,RGB,3,,,,350/40,raw,1.8,subjective_mos_0_4,,84b129e938dfee19db49cb0dbda6932cde90e5c36abf6a1acad6c4fa2046d501,RGB with three identical channels (grayscale replicated)
ldctiqa,0679,0679.png,data/raw/ldctiqa/LDCTiqa_png/0679.png,,,,CT,,512,512,RGB,3,,,,350/40,raw,2.6,subjective_mos_0_4,,ac6ebe597c6f13d51e9c57c207d4873c9f2fc769aaee9a6fa8fc7ca8d25372cf,RGB with three identical channels (grayscale replicated)
ldctiqa,0680,0680.png,data/raw/ldctiqa/LDCTiqa_png/0680.png,,,,CT,,512,512,RGB,3,,,,350/40,raw,1.2,subjective_mos_0_4,,5bce597ddd3c6e1f50a2ff7a71fd2f05b6903bf56ea37f48b978b56876d54ed2,RGB with three identical channels (grayscale replicated)
ldctiqa,0681,0681.png,data/raw/ldctiqa/LDCTiqa_png/0681.png,,,,CT,,512,512,RGB,3,,,,350/40,raw,0.6,subjective_mos_0_4,,6bd79768bb6818449f08af74b79b1402e4d1233561fcecf12d0873474e876112,RGB with three identical channels (grayscale replicated)
ldctiqa,0682,0682.png,data/raw/ldctiqa/LDCTiqa_png/0682.png,,,,CT,,512,512,RGB,3,,,,350/40,raw,1.8,subjective_mos_0_4,,2b08f056e7aa9835cfcef447ed9dcd00328459b7512bf3148253744b698b64d2,RGB with three identical channels (grayscale replicated)
ldctiqa,0683,0683.png,data/raw/ldctiqa/LDCTiqa_png/0683.png,,,,CT,,512,512,RGB,3,,,,350/40,raw,2.6,subjective_mos_0_4,,e4dc16dca6b3c30e1dd9cee507fdc15f6dcfb9dc8b267936cd3e9bd915f089e1,RGB with three identical channels (grayscale replicated)
ldctiqa,0684,0684.png,data/raw/ldctiqa/LDCTiqa_png/0684.png,,,,CT,,512,512,RGB,3,,,,350/40,raw,3.6,subjective_mos_0_4,,4beb22e96c1b52c109cc5821b5b8c03c9584146790306b8071f29ed871ad3949,RGB with three identical channels (grayscale replicated)
ldctiqa,0685,0685.png,data/raw/ldctiqa/LDCTiqa_png/0685.png,,,,CT,,512,512,RGB,3,,,,350/40,raw,2.2,subjective_mos_0_4,,ce8183167ddf3a4c8a742e554a907b05bbd6673a5c837b8d6ec6e7bdfe34a2f3,RGB with three identical channels (grayscale replicated)
ldctiqa,0686,0686.png,data/raw/ldctiqa/LDCTiqa_png/0686.png,,,,CT,,512,512,RGB,3,,,,350/40,raw,2.4,subjective_mos_0_4,,b9230f05c99082983ebac0d2df582de88166c0ee6f7cee14f26d887afd001592,RGB with three identical channels (grayscale replicated)
ldctiqa,0687,0687.png,data/raw/ldctiqa/LDCTiqa_png/0687.png,,,,CT,,512,512,RGB,3,,,,350/40,raw,2.8,subjective_mos_0_4,,e151ae2f4e0c51f838f45b7306306ba8d3af9a42c0cc4f767542d6037bcddad8,RGB with three identical channels (grayscale replicated)
ldctiqa,0688,0688.png,data/raw/ldctiqa/LDCTiqa_png/0688.png,,,,CT,,512,512,RGB,3,,,,350/40,raw,0.4,subjective_mos_0_4,,710beadc5a42925bf5177ab31547483e27a4ff9344967f9f929bf3b5aecd7ace,RGB with three identical channels (grayscale replicated)
ldctiqa,0689,0689.png,data/raw/ldctiqa/LDCTiqa_png/0689.png,,,,CT,,512,512,RGB,3,,,,350/40,raw,2.2,subjective_mos_0_4,,f3aa6b3144ef3fd7cb0be2add5cb5659aa4be3019a6291aa9e4dae1f16edd055,RGB with three identical channels (grayscale replicated)
ldctiqa,0690,0690.png,data/raw/ldctiqa/LDCTiqa_png/0690.png,,,,CT,,512,512,RGB,3,,,,350/40,raw,0.8,subjective_mos_0_4,,5e3ec668559cf99ea69490a6afa57f9c8b27f3041752ffdf75ecfab959aef381,RGB with three identical channels (grayscale replicated)
ldctiqa,0691,0691.png,data/raw/ldctiqa/LDCTiqa_png/0691.png,,,,CT,,512,512,RGB,3,,,,350/40,raw,2.2,subjective_mos_0_4,,f9368c874b409c11d03a1c8f06db4f37e773df4d5ebdfd9c8ec70e6f3ece0064,RGB with three identical channels (grayscale replicated)
ldctiqa,0692,0692.png,data/raw/ldctiqa/LDCTiqa_png/0692.png,,,,CT,,512,512,RGB,3,,,,350/40,raw,2.2,subjective_mos_0_4,,8477173bc8730a7c43010bbdab74ef17d9a052c79d9a71816641d05e38e955a1,RGB with three identical channels (grayscale replicated)
ldctiqa,0693,0693.png,data/raw/ldctiqa/LDCTiqa_png/0693.png,,,,CT,,512,512,RGB,3,,,,350/40,raw,1.6,subjective_mos_0_4,,83cfc24b4e916ff4dad8559787510eddfc4d9d6f721620a3b89fa0ee70882cf9,RGB with three identical channels (grayscale replicated)
ldctiqa,0694,0694.png,data/raw/ldctiqa/LDCTiqa_png/0694.png,,,,CT,,512,512,RGB,3,,,,350/40,raw,2.4,subjective_mos_0_4,,d09706e362153ac1998adaa6d8835732830b4834c7c4a6d95fb3fc9ab33f4d29,RGB with three identical channels (grayscale replicated)
ldctiqa,0695,0695.png,data/raw/ldctiqa/LDCTiqa_png/0695.png,,,,CT,,512,512,RGB,3,,,,350/40,raw,2.6,subjective_mos_0_4,,569f93d8130cbf01629aaa7c7b78b00d1f0883083d27b0f5ee251ddd2a5c1c6a,RGB with three identical channels (grayscale replicated)
ldctiqa,0696,0696.png,data/raw/ldctiqa/LDCTiqa_png/0696.png,,,,CT,,512,512,RGB,3,,,,350/40,raw,1.8,subjective_mos_0_4,,193ddbb5d057218c3ebbdeb5da8bc14b439b4727f7c1fc7fd416a19f3c183d77,RGB with three identical channels (grayscale replicated)
ldctiqa,0697,0697.png,data/raw/ldctiqa/LDCTiqa_png/0697.png,,,,CT,,512,512,RGB,3,,,,350/40,raw,3.0,subjective_mos_0_4,,4ae21e997ba475786894fffd75d3e57d46ce883dc3aac7a28b88b350fd4f6886,RGB with three identical channels (grayscale replicated)
ldctiqa,0698,0698.png,data/raw/ldctiqa/LDCTiqa_png/0698.png,,,,CT,,512,512,RGB,3,,,,350/40,raw,1.2,subjective_mos_0_4,,e57b556a5aa530aba91500b07202a7256d169eed9e9bdced96fa1005c6e79141,RGB with three identical channels (grayscale replicated)
ldctiqa,0699,0699.png,data/raw/ldctiqa/LDCTiqa_png/0699.png,,,,CT,,512,512,RGB,3,,,,350/40,raw,1.8,subjective_mos_0_4,,8ff69d63e1b4e70eb39e71d89949b90db0fc3eec102bf679dd5f28f41fe52ec8,RGB with three identical channels (grayscale replicated)
ldctiqa,0700,0700.png,data/raw/ldctiqa/LDCTiqa_png/0700.png,,,,CT,,512,512,RGB,3,,,,350/40,raw,3.2,subjective_mos_0_4,,ac44b86aafed4b150e682a099de72c60dec9c577879236b6b2d453e9d69bbf5b,RGB with three identical channels (grayscale replicated)
ldctiqa,0701,0701.png,data/raw/ldctiqa/LDCTiqa_png/0701.png,,,,CT,,512,512,RGB,3,,,,350/40,raw,3.8,subjective_mos_0_4,,befccc847ac4ac5c11c32a499e85f44086041096466490e962caee1684b0fadb,RGB with three identical channels (grayscale replicated)
ldctiqa,0702,0702.png,data/raw/ldctiqa/LDCTiqa_png/0702.png,,,,CT,,512,512,RGB,3,,,,350/40,raw,1.2,subjective_mos_0_4,,6ae089125b9fd53c783a75421c44d2723ca891a279309f7af76e1d6a36d47569,RGB with three identical channels (grayscale replicated)
ldctiqa,0703,0703.png,data/raw/ldctiqa/LDCTiqa_png/0703.png,,,,CT,,512,512,RGB,3,,,,350/40,raw,2.0,subjective_mos_0_4,,11a4cc92b14d16ad2123232a06b96f3bf3fd70cec190a824164584f496c473ad,RGB with three identical channels (grayscale replicated)
ldctiqa,0704,0704.png,data/raw/ldctiqa/LDCTiqa_png/0704.png,,,,CT,,512,512,RGB,3,,,,350/40,raw,3.0,subjective_mos_0_4,,961eed6bcf12942bf3002f4f8e3b8acfe546daf87c52f30f53004a3f0d7f31b1,RGB with three identical channels (grayscale replicated)
ldctiqa,0705,0705.png,data/raw/ldctiqa/LDCTiqa_png/0705.png,,,,CT,,512,512,RGB,3,,,,350/40,raw,1.4,subjective_mos_0_4,,5ba1c317bb44636672f74c22e1879160f60e8cddb269db85d1b2b4517771c048,RGB with three identical channels (grayscale replicated)
ldctiqa,0706,0706.png,data/raw/ldctiqa/LDCTiqa_png/0706.png,,,,CT,,512,512,RGB,3,,,,350/40,raw,0.4,subjective_mos_0_4,,e90d8da8152befc78c0361a33031ab12be9c2198ccd8d73b9076b49ee39b78c1,RGB with three identical channels (grayscale replicated)
ldctiqa,0707,0707.png,data/raw/ldctiqa/LDCTiqa_png/0707.png,,,,CT,,512,512,RGB,3,,,,350/40,raw,1.6,subjective_mos_0_4,,f0c3962292158ec6cf7a9216d955d28e26c3d38b419e240faad18f30e4346f8b,RGB with three identical channels (grayscale replicated)
ldctiqa,0708,0708.png,data/raw/ldctiqa/LDCTiqa_png/0708.png,,,,CT,,512,512,RGB,3,,,,350/40,raw,0.0,subjective_mos_0_4,,ac4efb4c2410dc8d4d5e30f875cc80b27f2519ac1a783cd3aaf93ca72d20c22a,RGB with three identical channels (grayscale replicated)
ldctiqa,0709,0709.png,data/raw/ldctiqa/LDCTiqa_png/0709.png,,,,CT,,512,512,RGB,3,,,,350/40,raw,1.8,subjective_mos_0_4,,ededb7fc6cdde74cb7ea6e91fd367a0170b8aea794c8da656ab81e2bacf95851,RGB with three identical channels (grayscale replicated)
ldctiqa,0710,0710.png,data/raw/ldctiqa/LDCTiqa_png/0710.png,,,,CT,,512,512,RGB,3,,,,350/40,raw,0.6,subjective_mos_0_4,,6623de58a5158a2bbb4264196177ce5dc8fb8dc28d11bcd31c9d7c51f41da4a0,RGB with three identical channels (grayscale replicated)
ldctiqa,0711,0711.png,data/raw/ldctiqa/LDCTiqa_png/0711.png,,,,CT,,512,512,RGB,3,,,,350/40,raw,2.6,subjective_mos_0_4,,c30de665a9e9d514b6332fa86f47b60edfb934d040e41f19715e1b2d79d06837,RGB with three identical channels (grayscale replicated)
ldctiqa,0712,0712.png,data/raw/ldctiqa/LDCTiqa_png/0712.png,,,,CT,,512,512,RGB,3,,,,350/40,raw,2.8,subjective_mos_0_4,,c57fb1afac3620f685b6a5e5b50f38526094e677bacc8e9d69a2b95f5eeab311,RGB with three identical channels (grayscale replicated)
ldctiqa,0713,0713.png,data/raw/ldctiqa/LDCTiqa_png/0713.png,,,,CT,,512,512,RGB,3,,,,350/40,raw,1.2,subjective_mos_0_4,,07fb10dd3bdc348209e1e3afc5dcbbac6f23ee9090ddc2ae98f004c8cc89273e,RGB with three identical channels (grayscale replicated)
ldctiqa,0714,0714.png,data/raw/ldctiqa/LDCTiqa_png/0714.png,,,,CT,,512,512,RGB,3,,,,350/40,raw,1.0,subjective_mos_0_4,,52c486447c19e491d1511a81f913c0d848e2039fec4e28d68bb71c1f5cae21d2,RGB with three identical channels (grayscale replicated)
ldctiqa,0715,0715.png,data/raw/ldctiqa/LDCTiqa_png/0715.png,,,,CT,,512,512,RGB,3,,,,350/40,raw,1.6,subjective_mos_0_4,,7e134662164b08c12bfe93169a5e0683a8fd9b6a0f50f49e7cf3c00b9fa02d8f,RGB with three identical channels (grayscale replicated)
ldctiqa,0716,0716.png,data/raw/ldctiqa/LDCTiqa_png/0716.png,,,,CT,,512,512,RGB,3,,,,350/40,raw,2.4,subjective_mos_0_4,,47e8228d56402d49d12159ffbc722b03cd7e5b9d540fa143973b5322a6ca6a36,RGB with three identical channels (grayscale replicated)
ldctiqa,0717,0717.png,data/raw/ldctiqa/LDCTiqa_png/0717.png,,,,CT,,512,512,RGB,3,,,,350/40,raw,0.8,subjective_mos_0_4,,eabf4782c029d7fbcf9bc35d638321d122524f1f1e109fe0b14c958fab08d115,RGB with three identical channels (grayscale replicated)
ldctiqa,0718,0718.png,data/raw/ldctiqa/LDCTiqa_png/0718.png,,,,CT,,512,512,RGB,3,,,,350/40,raw,1.6,subjective_mos_0_4,,e79d45d9809b1a1abe610e85176f65a991e9317886a6a30a154a70b217a20766,RGB with three identical channels (grayscale replicated)
ldctiqa,0719,0719.png,data/raw/ldctiqa/LDCTiqa_png/0719.png,,,,CT,,512,512,RGB,3,,,,350/40,raw,3.0,subjective_mos_0_4,,8c446773bc3a18e85ed66dabbee2c41a4a3979bb406dc7161110914a1838cacd,RGB with three identical channels (grayscale replicated)
ldctiqa,0720,0720.png,data/raw/ldctiqa/LDCTiqa_png/0720.png,,,,CT,,512,512,RGB,3,,,,350/40,raw,0.2,subjective_mos_0_4,,7b800fddf6af42b76495e4269a221e90d596e67bd0dbe624da76d928e95178f0,RGB with three identical channels (grayscale replicated)
ldctiqa,0721,0721.png,data/raw/ldctiqa/LDCTiqa_png/0721.png,,,,CT,,512,512,RGB,3,,,,350/40,raw,3.0,subjective_mos_0_4,,1b55123f8c822bef9b71a8b7b968555abf2191966615c100ba2710ed9e1c51d7,RGB with three identical channels (grayscale replicated)
ldctiqa,0722,0722.png,data/raw/ldctiqa/LDCTiqa_png/0722.png,,,,CT,,512,512,RGB,3,,,,350/40,raw,0.6,subjective_mos_0_4,,021b814c3997a30ad248d04a2450cf53d61e2d84f1e2721100fc5b02007f28e1,RGB with three identical channels (grayscale replicated)
ldctiqa,0723,0723.png,data/raw/ldctiqa/LDCTiqa_png/0723.png,,,,CT,,512,512,RGB,3,,,,350/40,raw,2.8,subjective_mos_0_4,,b05ccd522a81fec405908806f13ad4c6ce0a9f525015fe773ce40b2de017d075,RGB with three identical channels (grayscale replicated)
ldctiqa,0724,0724.png,data/raw/ldctiqa/LDCTiqa_png/0724.png,,,,CT,,512,512,RGB,3,,,,350/40,raw,1.4,subjective_mos_0_4,,4516ade4ec691c193a54657c74dc0b2cc8f4b192037a322cf76bf9756cd1c17d,RGB with three identical channels (grayscale replicated)
ldctiqa,0725,0725.png,data/raw/ldctiqa/LDCTiqa_png/0725.png,,,,CT,,512,512,RGB,3,,,,350/40,raw,2.2,subjective_mos_0_4,,dd33896b5a64335c3fcfc1d7ece5454c1873379d7f16238dc3e82fab15710d2d,RGB with three identical channels (grayscale replicated)
ldctiqa,0726,0726.png,data/raw/ldctiqa/LDCTiqa_png/0726.png,,,,CT,,512,512,RGB,3,,,,350/40,raw,2.2,subjective_mos_0_4,,3b4b0093033ef9c15224aeaa0ecb6c197e2c50838c0603adb4c068060d9f82c8,RGB with three identical channels (grayscale replicated)
ldctiqa,0727,0727.png,data/raw/ldctiqa/LDCTiqa_png/0727.png,,,,CT,,512,512,RGB,3,,,,350/40,raw,2.8,subjective_mos_0_4,,7272a0d2f378a8f01d4dee60bbf64f3274178cdab217b2e416a371b001a2e77f,RGB with three identical channels (grayscale replicated)
ldctiqa,0728,0728.png,data/raw/ldctiqa/LDCTiqa_png/0728.png,,,,CT,,512,512,RGB,3,,,,350/40,raw,1.0,subjective_mos_0_4,,7e8497701b79206ae8115283f7cead3e9118dbd5826a11c2a6e392453cdfe99a,RGB with three identical channels (grayscale replicated)
ldctiqa,0729,0729.png,data/raw/ldctiqa/LDCTiqa_png/0729.png,,,,CT,,512,512,RGB,3,,,,350/40,raw,3.8,subjective_mos_0_4,,d90cc174c8b0515bba2b50a0180a992f59d1353852ad0daae51697415944b2d7,RGB with three identical channels (grayscale replicated)
ldctiqa,0730,0730.png,data/raw/ldctiqa/LDCTiqa_png/0730.png,,,,CT,,512,512,RGB,3,,,,350/40,raw,1.6,subjective_mos_0_4,,bbcec99365fccfa40b14918287ab3fea4ea0898ba9f454a87c97d38c95a1f462,RGB with three identical channels (grayscale replicated)
ldctiqa,0731,0731.png,data/raw/ldctiqa/LDCTiqa_png/0731.png,,,,CT,,512,512,RGB,3,,,,350/40,raw,0.6,subjective_mos_0_4,,0704ed8cf7870bebaee8ea30f5e5f68686bbf319e10c7f1720596d59ee9cc8d5,RGB with three identical channels (grayscale replicated)
ldctiqa,0732,0732.png,data/raw/ldctiqa/LDCTiqa_png/0732.png,,,,CT,,512,512,RGB,3,,,,350/40,raw,3.4,subjective_mos_0_4,,1576470a11625eda80c1f389c406a9fa7e6f47d74aabcf42576550a2939733c6,RGB with three identical channels (grayscale replicated)
ldctiqa,0733,0733.png,data/raw/ldctiqa/LDCTiqa_png/0733.png,,,,CT,,512,512,RGB,3,,,,350/40,raw,1.4,subjective_mos_0_4,,80d42037913d5e439ce32d17dcd59192b74d53fe2113e6c0616a836ed6c4228c,RGB with three identical channels (grayscale replicated)
ldctiqa,0734,0734.png,data/raw/ldctiqa/LDCTiqa_png/0734.png,,,,CT,,512,512,RGB,3,,,,350/40,raw,1.4,subjective_mos_0_4,,2100573f9d4b04ff506a68f944a6c092297b9abd9e36b27d904bc996c7d587f1,RGB with three identical channels (grayscale replicated)
ldctiqa,0735,0735.png,data/raw/ldctiqa/LDCTiqa_png/0735.png,,,,CT,,512,512,RGB,3,,,,350/40,raw,1.8,subjective_mos_0_4,,94c4c34df36f782af708c78ab3e86c70dddc0c27af0c26ccf37d912678b42370,RGB with three identical channels (grayscale replicated)
ldctiqa,0736,0736.png,data/raw/ldctiqa/LDCTiqa_png/0736.png,,,,CT,,512,512,RGB,3,,,,350/40,raw,3.0,subjective_mos_0_4,,a21c50705219027b8f557eeaf46d095e85a776dcf147e437f3570a47c880f1b8,RGB with three identical channels (grayscale replicated)
ldctiqa,0737,0737.png,data/raw/ldctiqa/LDCTiqa_png/0737.png,,,,CT,,512,512,RGB,3,,,,350/40,raw,1.6,subjective_mos_0_4,,6c83dce6800679c3119ed36a8452624153b70b4bbd8fa577499999d96b3aa77d,RGB with three identical channels (grayscale replicated)
ldctiqa,0738,0738.png,data/raw/ldctiqa/LDCTiqa_png/0738.png,,,,CT,,512,512,RGB,3,,,,350/40,raw,0.6,subjective_mos_0_4,,806d5f852edd4b565855dc7ed0a8a9b48371cd5c6a20941bad939c8b1f97d1fb,RGB with three identical channels (grayscale replicated)
ldctiqa,0739,0739.png,data/raw/ldctiqa/LDCTiqa_png/0739.png,,,,CT,,512,512,RGB,3,,,,350/40,raw,0.2,subjective_mos_0_4,,081fdb954cee0bbca1d7a3b4c106f2f3aad67d77dd8386f0dc869bde2760b5b4,RGB with three identical channels (grayscale replicated)
ldctiqa,0740,0740.png,data/raw/ldctiqa/LDCTiqa_png/0740.png,,,,CT,,512,512,RGB,3,,,,350/40,raw,0.6,subjective_mos_0_4,,09e56d136dd5f9639f824d9e477f14f5fa621e0f9a0c2f66d3fce115d48821d1,RGB with three identical channels (grayscale replicated)
ldctiqa,0741,0741.png,data/raw/ldctiqa/LDCTiqa_png/0741.png,,,,CT,,512,512,RGB,3,,,,350/40,raw,1.0,subjective_mos_0_4,,ca7f717d7d054efd1106bdfd05c9d0c93400a0a0ce248c4a7213f2618be7c802,RGB with three identical channels (grayscale replicated)
ldctiqa,0742,0742.png,data/raw/ldctiqa/LDCTiqa_png/0742.png,,,,CT,,512,512,RGB,3,,,,350/40,raw,2.6,subjective_mos_0_4,,6c794ad19af552eb614da19e1b709adb103cf77a57716adbda31901d33d8991e,RGB with three identical channels (grayscale replicated)
ldctiqa,0743,0743.png,data/raw/ldctiqa/LDCTiqa_png/0743.png,,,,CT,,512,512,RGB,3,,,,350/40,raw,1.0,subjective_mos_0_4,,8966db649f909213f8a793ae50d257a30a8beaff39246558f8e1c0859c5508da,RGB with three identical channels (grayscale replicated)
ldctiqa,0744,0744.png,data/raw/ldctiqa/LDCTiqa_png/0744.png,,,,CT,,512,512,RGB,3,,,,350/40,raw,1.8,subjective_mos_0_4,,f0e40175a70a19dbbbcfcf5ce174f579049ca9198c2866671cd58e07b73f8940,RGB with three identical channels (grayscale replicated)
ldctiqa,0745,0745.png,data/raw/ldctiqa/LDCTiqa_png/0745.png,,,,CT,,512,512,RGB,3,,,,350/40,raw,0.8,subjective_mos_0_4,,7229669a0bf93e3f23187b58b62e3be7e1fbe99cae3e4d20deb9c575224b569c,RGB with three identical channels (grayscale replicated)
ldctiqa,0746,0746.png,data/raw/ldctiqa/LDCTiqa_png/0746.png,,,,CT,,512,512,RGB,3,,,,350/40,raw,1.8,subjective_mos_0_4,,7dd095616727d5e2bf1ed4544c1a25f018ff59188b2734df621b795fb66ce09c,RGB with three identical channels (grayscale replicated)
ldctiqa,0747,0747.png,data/raw/ldctiqa/LDCTiqa_png/0747.png,,,,CT,,512,512,RGB,3,,,,350/40,raw,1.0,subjective_mos_0_4,,b197b24a1699ef38e0039d5f3c3c2d1195956898beb16e48f4931f1a32c096be,RGB with three identical channels (grayscale replicated)
ldctiqa,0748,0748.png,data/raw/ldctiqa/LDCTiqa_png/0748.png,,,,CT,,512,512,RGB,3,,,,350/40,raw,0.6,subjective_mos_0_4,,0d11a0e6f15827327ea5f421bdc907d1c0bcf388a36d7073bb6dedc61f2d5826,RGB with three identical channels (grayscale replicated)
ldctiqa,0749,0749.png,data/raw/ldctiqa/LDCTiqa_png/0749.png,,,,CT,,512,512,RGB,3,,,,350/40,raw,1.2,subjective_mos_0_4,,2ca9fe5596bf66b3c10d8358268f0ae647675f7b49be22dcf179f9a4fd866da6,RGB with three identical channels (grayscale replicated)
ldctiqa,0750,0750.png,data/raw/ldctiqa/LDCTiqa_png/0750.png,,,,CT,,512,512,RGB,3,,,,350/40,raw,3.6,subjective_mos_0_4,,1551f1c4f898703263201e91b9df99a76d104d0f92029d2449e085d97dc31e1d,RGB with three identical channels (grayscale replicated)
ldctiqa,0751,0751.png,data/raw/ldctiqa/LDCTiqa_png/0751.png,,,,CT,,512,512,RGB,3,,,,350/40,raw,2.8,subjective_mos_0_4,,cb29689d21549ec6650a9d0cf632050edf034d52089b92aa0bec9002ea3d751b,RGB with three identical channels (grayscale replicated)
ldctiqa,0752,0752.png,data/raw/ldctiqa/LDCTiqa_png/0752.png,,,,CT,,512,512,RGB,3,,,,350/40,raw,0.6,subjective_mos_0_4,,6815439fc4f6e1093d6d785a1da67179a3a203d2a197cb60125b101f03b9ba99,RGB with three identical channels (grayscale replicated)
ldctiqa,0753,0753.png,data/raw/ldctiqa/LDCTiqa_png/0753.png,,,,CT,,512,512,RGB,3,,,,350/40,raw,3.8,subjective_mos_0_4,,f920ec26bf2469e0bd4a75b6a99fc1b6feb14d8272ab850066d0a6fa7d505873,RGB with three identical channels (grayscale replicated)
ldctiqa,0754,0754.png,data/raw/ldctiqa/LDCTiqa_png/0754.png,,,,CT,,512,512,RGB,3,,,,350/40,raw,2.6,subjective_mos_0_4,,37831d3c29bfcee02382d158516e198229a86ac00a50c2a728cb672c3cde640f,RGB with three identical channels (grayscale replicated)
ldctiqa,0755,0755.png,data/raw/ldctiqa/LDCTiqa_png/0755.png,,,,CT,,512,512,RGB,3,,,,350/40,raw,2.6,subjective_mos_0_4,,e36f8842ab8db90e5943a11c086a5d10072ad1ac2428709add3460ff0375f15c,RGB with three identical channels (grayscale replicated)
ldctiqa,0756,0756.png,data/raw/ldctiqa/LDCTiqa_png/0756.png,,,,CT,,512,512,RGB,3,,,,350/40,raw,1.8,subjective_mos_0_4,,9adff6e398d34a514310264a462093aa82226289089b8e8c50130586539634c5,RGB with three identical channels (grayscale replicated)
ldctiqa,0757,0757.png,data/raw/ldctiqa/LDCTiqa_png/0757.png,,,,CT,,512,512,RGB,3,,,,350/40,raw,2.4,subjective_mos_0_4,,6220be9bf5f90fbe8908a387e584b93c1734e9c3dbb860bc02661bc1fe6edda5,RGB with three identical channels (grayscale replicated)
ldctiqa,0758,0758.png,data/raw/ldctiqa/LDCTiqa_png/0758.png,,,,CT,,512,512,RGB,3,,,,350/40,raw,2.0,subjective_mos_0_4,,ce4b742bc53aa27f70972b5d4d3eb2c9eb72d404a869548fc0f7c6ade2837447,RGB with three identical channels (grayscale replicated)
ldctiqa,0759,0759.png,data/raw/ldctiqa/LDCTiqa_png/0759.png,,,,CT,,512,512,RGB,3,,,,350/40,raw,0.0,subjective_mos_0_4,,6685a677c4c644f7943f3a43031221b0333dc1846eb88462df27a92e897a3386,RGB with three identical channels (grayscale replicated)
ldctiqa,0760,0760.png,data/raw/ldctiqa/LDCTiqa_png/0760.png,,,,CT,,512,512,RGB,3,,,,350/40,raw,0.4,subjective_mos_0_4,,8049ce2a9a98e3533d6128afef837a948c499f9b267edae1f68ebb6a43570a13,RGB with three identical channels (grayscale replicated)
ldctiqa,0761,0761.png,data/raw/ldctiqa/LDCTiqa_png/0761.png,,,,CT,,512,512,RGB,3,,,,350/40,raw,3.2,subjective_mos_0_4,,5ea520835fa71cae4c764a2a266f7dbf012ae81670a82ec7a84585a899d5bed0,RGB with three identical channels (grayscale replicated)
ldctiqa,0762,0762.png,data/raw/ldctiqa/LDCTiqa_png/0762.png,,,,CT,,512,512,RGB,3,,,,350/40,raw,3.6,subjective_mos_0_4,,292d249dcc6b4a7ee75c943028cf34f8111092a120451ac6400979253b23476c,RGB with three identical channels (grayscale replicated)
ldctiqa,0763,0763.png,data/raw/ldctiqa/LDCTiqa_png/0763.png,,,,CT,,512,512,RGB,3,,,,350/40,raw,1.4,subjective_mos_0_4,,d468a7c9f633561f28b43967d428e951d041d88d36ba97422f4f925f281ea7fd,RGB with three identical channels (grayscale replicated)
ldctiqa,0764,0764.png,data/raw/ldctiqa/LDCTiqa_png/0764.png,,,,CT,,512,512,RGB,3,,,,350/40,raw,1.6,subjective_mos_0_4,,2ea5ff41c35fe7194af0f4d798628810fd80b440590928314ffd74efe1b1946e,RGB with three identical channels (grayscale replicated)
ldctiqa,0765,0765.png,data/raw/ldctiqa/LDCTiqa_png/0765.png,,,,CT,,512,512,RGB,3,,,,350/40,raw,2.4,subjective_mos_0_4,,07f1432803f1e82eb74ba865f4b466a0c7a0c019e56eca9f81cda9611baf9a83,RGB with three identical channels (grayscale replicated)
ldctiqa,0766,0766.png,data/raw/ldctiqa/LDCTiqa_png/0766.png,,,,CT,,512,512,RGB,3,,,,350/40,raw,1.8,subjective_mos_0_4,,208741fa8be21327d20b01d5f36d947d7c7ec46b853239e76bea89dc040f959f,RGB with three identical channels (grayscale replicated)
ldctiqa,0767,0767.png,data/raw/ldctiqa/LDCTiqa_png/0767.png,,,,CT,,512,512,RGB,3,,,,350/40,raw,2.0,subjective_mos_0_4,,ef0bc16d3ca0be5f557945f82d3b7a06c511d1f93eebc4d33a912f2e2ce1fc66,RGB with three identical channels (grayscale replicated)
ldctiqa,0768,0768.png,data/raw/ldctiqa/LDCTiqa_png/0768.png,,,,CT,,512,512,RGB,3,,,,350/40,raw,3.0,subjective_mos_0_4,,753e5eab4c1ecce035bf04f7b22040499fa02908b73999d9a3013d40d865c52d,RGB with three identical channels (grayscale replicated)
ldctiqa,0769,0769.png,data/raw/ldctiqa/LDCTiqa_png/0769.png,,,,CT,,512,512,RGB,3,,,,350/40,raw,4.0,subjective_mos_0_4,,07f30086a5afdad3063c01130f8044f044ec2978d521e12d84dbd1c71cc2a0b3,RGB with three identical channels (grayscale replicated)
ldctiqa,0770,0770.png,data/raw/ldctiqa/LDCTiqa_png/0770.png,,,,CT,,512,512,RGB,3,,,,350/40,raw,1.8,subjective_mos_0_4,,6ce1bc0ada0b801932afd225f196698ee53307ebf813dc9a2482c2728c973f75,RGB with three identical channels (grayscale replicated)
ldctiqa,0771,0771.png,data/raw/ldctiqa/LDCTiqa_png/0771.png,,,,CT,,512,512,RGB,3,,,,350/40,raw,2.8,subjective_mos_0_4,,f6f03817dc2c9abfd064354388b2d22c8726f94b976a444096b3eed22d04789d,RGB with three identical channels (grayscale replicated)
ldctiqa,0772,0772.png,data/raw/ldctiqa/LDCTiqa_png/0772.png,,,,CT,,512,512,RGB,3,,,,350/40,raw,2.8,subjective_mos_0_4,,a0ee4a4f45b6a8dbb92413f425be9aac57c9c9c9106de39d830c3abfa559950c,RGB with three identical channels (grayscale replicated)
ldctiqa,0773,0773.png,data/raw/ldctiqa/LDCTiqa_png/0773.png,,,,CT,,512,512,RGB,3,,,,350/40,raw,1.8,subjective_mos_0_4,,26ca5c46d1a544cb94f7e9ebae7286fc05f4736ef347a2461ef6b5ec315f0dbc,RGB with three identical channels (grayscale replicated)
ldctiqa,0774,0774.png,data/raw/ldctiqa/LDCTiqa_png/0774.png,,,,CT,,512,512,RGB,3,,,,350/40,raw,1.8,subjective_mos_0_4,,90fb5e16f98333cfd7d8ae91e745cc8f427570daac5938d62c8e84688d102e7d,RGB with three identical channels (grayscale replicated)
ldctiqa,0775,0775.png,data/raw/ldctiqa/LDCTiqa_png/0775.png,,,,CT,,512,512,RGB,3,,,,350/40,raw,0.4,subjective_mos_0_4,,47e2e710560371db5d6e18afd82392d3ce6a0dd793f28c76a983bb38fceaec2c,RGB with three identical channels (grayscale replicated)
ldctiqa,0776,0776.png,data/raw/ldctiqa/LDCTiqa_png/0776.png,,,,CT,,512,512,RGB,3,,,,350/40,raw,0.0,subjective_mos_0_4,,71c396f384d15f1c4a84ca6008a8fd01c3d25375f70d7623603ed4c5e774234a,RGB with three identical channels (grayscale replicated)
ldctiqa,0777,0777.png,data/raw/ldctiqa/LDCTiqa_png/0777.png,,,,CT,,512,512,RGB,3,,,,350/40,raw,1.8,subjective_mos_0_4,,cb42a3b66cceb6bde891c4f4f931206762bbc5056022d4b69620382999f97ee2,RGB with three identical channels (grayscale replicated)
ldctiqa,0778,0778.png,data/raw/ldctiqa/LDCTiqa_png/0778.png,,,,CT,,512,512,RGB,3,,,,350/40,raw,0.2,subjective_mos_0_4,,83d9ba7defb7461110415fd29a884bb1c69e8b23b867dfeed128e734d9ff672a,RGB with three identical channels (grayscale replicated)
ldctiqa,0779,0779.png,data/raw/ldctiqa/LDCTiqa_png/0779.png,,,,CT,,512,512,RGB,3,,,,350/40,raw,0.6,subjective_mos_0_4,,a01b9f74b0d973303c98d07c28af58d4058a3cf8b73420bf7a9131420203d861,RGB with three identical channels (grayscale replicated)
ldctiqa,0780,0780.png,data/raw/ldctiqa/LDCTiqa_png/0780.png,,,,CT,,512,512,RGB,3,,,,350/40,raw,4.0,subjective_mos_0_4,,24076870793e896f686e23ccc5206a23d2f26e52164fc28c5f6d26b8be37a8c2,RGB with three identical channels (grayscale replicated)
ldctiqa,0781,0781.png,data/raw/ldctiqa/LDCTiqa_png/0781.png,,,,CT,,512,512,RGB,3,,,,350/40,raw,1.0,subjective_mos_0_4,,9451757666001a285abf587845e632cb06eb842c83990fabaffb0f40119a605a,RGB with three identical channels (grayscale replicated)
ldctiqa,0782,0782.png,data/raw/ldctiqa/LDCTiqa_png/0782.png,,,,CT,,512,512,RGB,3,,,,350/40,raw,1.4,subjective_mos_0_4,,9e2cc5b7e01b1b1d1476415c1b8958c540a4d103db881f291fb425ecf38ea6c1,RGB with three identical channels (grayscale replicated)
ldctiqa,0783,0783.png,data/raw/ldctiqa/LDCTiqa_png/0783.png,,,,CT,,512,512,RGB,3,,,,350/40,raw,0.6,subjective_mos_0_4,,f9dd6baf823cc6056d2a2bf591a7c7700763a700425f86de40e110d882a984f0,RGB with three identical channels (grayscale replicated)
ldctiqa,0784,0784.png,data/raw/ldctiqa/LDCTiqa_png/0784.png,,,,CT,,512,512,RGB,3,,,,350/40,raw,3.4,subjective_mos_0_4,,d8bd57e8b2681770db77a7de339c21c1171b953b693e3629ae163d54c2a872b2,RGB with three identical channels (grayscale replicated)
ldctiqa,0785,0785.png,data/raw/ldctiqa/LDCTiqa_png/0785.png,,,,CT,,512,512,RGB,3,,,,350/40,raw,1.0,subjective_mos_0_4,,c157150d04cc3fb38a13ef228abc96201f6ef7ea76c39b629660d02d3d601dd9,RGB with three identical channels (grayscale replicated)
ldctiqa,0786,0786.png,data/raw/ldctiqa/LDCTiqa_png/0786.png,,,,CT,,512,512,RGB,3,,,,350/40,raw,3.2,subjective_mos_0_4,,13c50932afaf6ab900d8b35afeb1218e01e7e81089af17b4a8507af6c953baa8,RGB with three identical channels (grayscale replicated)
ldctiqa,0787,0787.png,data/raw/ldctiqa/LDCTiqa_png/0787.png,,,,CT,,512,512,RGB,3,,,,350/40,raw,2.2,subjective_mos_0_4,,14a20f2db574944176e3ccf063d3bf6358520607d3b913b57071cd1a0a5cef26,RGB with three identical channels (grayscale replicated)
ldctiqa,0788,0788.png,data/raw/ldctiqa/LDCTiqa_png/0788.png,,,,CT,,512,512,RGB,3,,,,350/40,raw,1.8,subjective_mos_0_4,,ad77ebfb674b51243a4c1c62ad0807e6b16349d119d800e08414b49d4bb54555,RGB with three identical channels (grayscale replicated)
ldctiqa,0789,0789.png,data/raw/ldctiqa/LDCTiqa_png/0789.png,,,,CT,,512,512,RGB,3,,,,350/40,raw,1.8,subjective_mos_0_4,,b274ce98c630f80547fcf8b28ac6e24c47b337ff7197ffc5cfc00788fa0e2ae6,RGB with three identical channels (grayscale replicated)
ldctiqa,0790,0790.png,data/raw/ldctiqa/LDCTiqa_png/0790.png,,,,CT,,512,512,RGB,3,,,,350/40,raw,0.6,subjective_mos_0_4,,ca8e20884abbb984e6db0692571bf35a32c1d2a4696f93689fab7c9b6f8c9e74,RGB with three identical channels (grayscale replicated)
ldctiqa,0791,0791.png,data/raw/ldctiqa/LDCTiqa_png/0791.png,,,,CT,,512,512,RGB,3,,,,350/40,raw,0.0,subjective_mos_0_4,,13588bea7c97489367bff637b7e11919404648cdad4e4220543427d08934381d,RGB with three identical channels (grayscale replicated)
ldctiqa,0792,0792.png,data/raw/ldctiqa/LDCTiqa_png/0792.png,,,,CT,,512,512,RGB,3,,,,350/40,raw,3.8,subjective_mos_0_4,,609de9a08cff06e375219b1e6cf75b806e1188019076dc27791036ee677e2cd0,RGB with three identical channels (grayscale replicated)
ldctiqa,0793,0793.png,data/raw/ldctiqa/LDCTiqa_png/0793.png,,,,CT,,512,512,RGB,3,,,,350/40,raw,3.2,subjective_mos_0_4,,cc0681c372a73c38f7c4f7f78cfb6fdd8524208010028a80c290bb25f0fc4821,RGB with three identical channels (grayscale replicated)
ldctiqa,0794,0794.png,data/raw/ldctiqa/LDCTiqa_png/0794.png,,,,CT,,512,512,RGB,3,,,,350/40,raw,1.6,subjective_mos_0_4,,8d8748af09e5083b113c0b0a29886beb430cbc17034f6c741fdc7f574d753253,RGB with three identical channels (grayscale replicated)
ldctiqa,0795,0795.png,data/raw/ldctiqa/LDCTiqa_png/0795.png,,,,CT,,512,512,RGB,3,,,,350/40,raw,2.2,subjective_mos_0_4,,b04213267a11b1b2923d7487e24ffe25772dcc235b081268b33e061d2b900b74,RGB with three identical channels (grayscale replicated)
ldctiqa,0796,0796.png,data/raw/ldctiqa/LDCTiqa_png/0796.png,,,,CT,,512,512,RGB,3,,,,350/40,raw,3.2,subjective_mos_0_4,,60debbe0488c081dd657d8f343d16ad9e22b3de2c7b8b615a0c8365dc613996c,RGB with three identical channels (grayscale replicated)
ldctiqa,0797,0797.png,data/raw/ldctiqa/LDCTiqa_png/0797.png,,,,CT,,512,512,RGB,3,,,,350/40,raw,1.6,subjective_mos_0_4,,460ec542ddedb7ac9dc27b2c35e374697a3c2128914e2241f570f252bd6e5302,RGB with three identical channels (grayscale replicated)
ldctiqa,0798,0798.png,data/raw/ldctiqa/LDCTiqa_png/0798.png,,,,CT,,512,512,RGB,3,,,,350/40,raw,1.2,subjective_mos_0_4,,1dd1c1949559c220a9ade4f2827e05bee8b1962e14bb5ee931a7cc727246cc2d,RGB with three identical channels (grayscale replicated)
ldctiqa,0799,0799.png,data/raw/ldctiqa/LDCTiqa_png/0799.png,,,,CT,,512,512,RGB,3,,,,350/40,raw,1.2,subjective_mos_0_4,,f1029e9006d17a3931409d2ac5dd6b0707b12b36eceb17af76370fcb7c9c4e22,RGB with three identical channels (grayscale replicated)
ldctiqa,0800,0800.png,data/raw/ldctiqa/LDCTiqa_png/0800.png,,,,CT,,512,512,RGB,3,,,,350/40,raw,0.6,subjective_mos_0_4,,5c6f20952189afe21b5e69016967831c5d600609e17d31995a5f580da192b07d,RGB with three identical channels (grayscale replicated)
ldctiqa,0801,0801.png,data/raw/ldctiqa/LDCTiqa_png/0801.png,,,,CT,,512,512,RGB,3,,,,350/40,raw,4.0,subjective_mos_0_4,,f552557539d379f0d6916662a5c48e82d803e3c21abff129e210b1e6504a3c3c,RGB with three identical channels (grayscale replicated)
ldctiqa,0802,0802.png,data/raw/ldctiqa/LDCTiqa_png/0802.png,,,,CT,,512,512,RGB,3,,,,350/40,raw,3.0,subjective_mos_0_4,,9dff4fd474d47552ea67914e95eba7643393d696df7f109234b50ff0f62ee003,RGB with three identical channels (grayscale replicated)
ldctiqa,0803,0803.png,data/raw/ldctiqa/LDCTiqa_png/0803.png,,,,CT,,512,512,RGB,3,,,,350/40,raw,1.4,subjective_mos_0_4,,477b015e705bbb0848a0eac4eff0ebd123b7d57623be2e20eed7cae3af4c88f6,RGB with three identical channels (grayscale replicated)
ldctiqa,0804,0804.png,data/raw/ldctiqa/LDCTiqa_png/0804.png,,,,CT,,512,512,RGB,3,,,,350/40,raw,2.6,subjective_mos_0_4,,3ba343ccb7901226bc37010dbce0fd9307eda1611100e86d4550c48edc49753c,RGB with three identical channels (grayscale replicated)
ldctiqa,0805,0805.png,data/raw/ldctiqa/LDCTiqa_png/0805.png,,,,CT,,512,512,RGB,3,,,,350/40,raw,1.6,subjective_mos_0_4,,cfc0c6831a0c978bfe03888791509876b3566fe0300adce04666fb911da1e2de,RGB with three identical channels (grayscale replicated)
ldctiqa,0806,0806.png,data/raw/ldctiqa/LDCTiqa_png/0806.png,,,,CT,,512,512,RGB,3,,,,350/40,raw,0.8,subjective_mos_0_4,,f078ee838806f1cd83f1bc29f4f3fd9ba98031fd52170c6f7acc1da34ab28429,RGB with three identical channels (grayscale replicated)
ldctiqa,0807,0807.png,data/raw/ldctiqa/LDCTiqa_png/0807.png,,,,CT,,512,512,RGB,3,,,,350/40,raw,0.8,subjective_mos_0_4,,1cc42ea2fdf7d2aef81723e75aa0702d1242cf67fede152cb7432aa41007178f,RGB with three identical channels (grayscale replicated)
ldctiqa,0808,0808.png,data/raw/ldctiqa/LDCTiqa_png/0808.png,,,,CT,,512,512,RGB,3,,,,350/40,raw,1.4,subjective_mos_0_4,,4170297aa2683ed3e86fef5031f750d39bdd7919693bbf05afd34774a7902e98,RGB with three identical channels (grayscale replicated)
ldctiqa,0809,0809.png,data/raw/ldctiqa/LDCTiqa_png/0809.png,,,,CT,,512,512,RGB,3,,,,350/40,raw,1.6,subjective_mos_0_4,,a2e96b533e22e7e04145f3884fa74d5791eedecf4996e4f427c03422e84ae5b9,RGB with three identical channels (grayscale replicated)
ldctiqa,0810,0810.png,data/raw/ldctiqa/LDCTiqa_png/0810.png,,,,CT,,512,512,RGB,3,,,,350/40,raw,0.0,subjective_mos_0_4,,fb9bcbd002ee95ab27bf8b62b9304cb28d0ec101846acbff98b2364290c78bc3,RGB with three identical channels (grayscale replicated)
ldctiqa,0811,0811.png,data/raw/ldctiqa/LDCTiqa_png/0811.png,,,,CT,,512,512,RGB,3,,,,350/40,raw,1.8,subjective_mos_0_4,,3cf2d5b3bb427599dc2e5fc0d9afaa1e17d0e305f53e8fc1c0eed38ba18aa94c,RGB with three identical channels (grayscale replicated)
ldctiqa,0812,0812.png,data/raw/ldctiqa/LDCTiqa_png/0812.png,,,,CT,,512,512,RGB,3,,,,350/40,raw,1.4,subjective_mos_0_4,,d713c0f93e1efa01741e10b2ccc418e20311cd22e6b00523dbe98afde19185fa,RGB with three identical channels (grayscale replicated)
ldctiqa,0813,0813.png,data/raw/ldctiqa/LDCTiqa_png/0813.png,,,,CT,,512,512,RGB,3,,,,350/40,raw,3.2,subjective_mos_0_4,,a7ff3e6977b37c43ad589baf46ef921d534be79c5686cda81278c4b2ea65f332,RGB with three identical channels (grayscale replicated)
ldctiqa,0814,0814.png,data/raw/ldctiqa/LDCTiqa_png/0814.png,,,,CT,,512,512,RGB,3,,,,350/40,raw,2.8,subjective_mos_0_4,,414308ce1254d40ae8b4d1702d2251cdb1d947634d586bf4912915b3c2833bb0,RGB with three identical channels (grayscale replicated)
ldctiqa,0815,0815.png,data/raw/ldctiqa/LDCTiqa_png/0815.png,,,,CT,,512,512,RGB,3,,,,350/40,raw,0.4,subjective_mos_0_4,,3f7f14aad1af7ce6730dd13ffe1796f219b05931024023c9f55618b87d95c196,RGB with three identical channels (grayscale replicated)
ldctiqa,0816,0816.png,data/raw/ldctiqa/LDCTiqa_png/0816.png,,,,CT,,512,512,RGB,3,,,,350/40,raw,2.8,subjective_mos_0_4,,7cf1ac6a6e29ee184a825ad2a72251c62ad288437df93e4395354034b796242e,RGB with three identical channels (grayscale replicated)
ldctiqa,0817,0817.png,data/raw/ldctiqa/LDCTiqa_png/0817.png,,,,CT,,512,512,RGB,3,,,,350/40,raw,1.4,subjective_mos_0_4,,de49cfbae47c727f1b28e20055bb3c4a58a090e180e317780bb469d0cfb3f062,RGB with three identical channels (grayscale replicated)
ldctiqa,0818,0818.png,data/raw/ldctiqa/LDCTiqa_png/0818.png,,,,CT,,512,512,RGB,3,,,,350/40,raw,3.8,subjective_mos_0_4,,9cbba6ec7a2f4103d661e041331ea87002341a7e1ed3c448c521dc72fd35543e,RGB with three identical channels (grayscale replicated)
ldctiqa,0819,0819.png,data/raw/ldctiqa/LDCTiqa_png/0819.png,,,,CT,,512,512,RGB,3,,,,350/40,raw,1.8,subjective_mos_0_4,,55f6efe2a5e495761327f11cc4c46ec5005c35f2867d72e0e0c52a9572aaa352,RGB with three identical channels (grayscale replicated)
ldctiqa,0820,0820.png,data/raw/ldctiqa/LDCTiqa_png/0820.png,,,,CT,,512,512,RGB,3,,,,350/40,raw,2.2,subjective_mos_0_4,,98555bc76214d257935b155d3bbc0bc9f10bfc0cf618da03b37d0c6e000df6c0,RGB with three identical channels (grayscale replicated)
ldctiqa,0821,0821.png,data/raw/ldctiqa/LDCTiqa_png/0821.png,,,,CT,,512,512,RGB,3,,,,350/40,raw,1.4,subjective_mos_0_4,,dd8c67883a25bb4323338bfe2d3ddffa83fe9d43777634bd25156a1055d9f0f6,RGB with three identical channels (grayscale replicated)
ldctiqa,0822,0822.png,data/raw/ldctiqa/LDCTiqa_png/0822.png,,,,CT,,512,512,RGB,3,,,,350/40,raw,2.4,subjective_mos_0_4,,2743a1b406dd0e7ee14a2b8f56db7048de618d81e494b8d0dcbf91c16056f585,RGB with three identical channels (grayscale replicated)
ldctiqa,0823,0823.png,data/raw/ldctiqa/LDCTiqa_png/0823.png,,,,CT,,512,512,RGB,3,,,,350/40,raw,2.2,subjective_mos_0_4,,9011a1b77d63dcc7a692501c932cac6aa77916d4c3f7cead68550b6ef5a70d2c,RGB with three identical channels (grayscale replicated)
ldctiqa,0824,0824.png,data/raw/ldctiqa/LDCTiqa_png/0824.png,,,,CT,,512,512,RGB,3,,,,350/40,raw,1.8,subjective_mos_0_4,,79df5ce9ee635a0d0ed5c62352e3ed68804401499767b4d8da7724a564a0e0f4,RGB with three identical channels (grayscale replicated)
ldctiqa,0825,0825.png,data/raw/ldctiqa/LDCTiqa_png/0825.png,,,,CT,,512,512,RGB,3,,,,350/40,raw,1.8,subjective_mos_0_4,,7754411a1fbd94bfed9c31c244458b68fcc4a9e81b1dc9252ed98c74c01f7b84,RGB with three identical channels (grayscale replicated)
ldctiqa,0826,0826.png,data/raw/ldctiqa/LDCTiqa_png/0826.png,,,,CT,,512,512,RGB,3,,,,350/40,raw,1.2,subjective_mos_0_4,,f4d2ac48e8063c8d51c00dde116b4b71e6c412d6d92bac668ef370c3323fb3d1,RGB with three identical channels (grayscale replicated)
ldctiqa,0827,0827.png,data/raw/ldctiqa/LDCTiqa_png/0827.png,,,,CT,,512,512,RGB,3,,,,350/40,raw,3.4,subjective_mos_0_4,,01577567902e1d0227703a447c39126a7449d3614837df3379d2d1f36b2f0d35,RGB with three identical channels (grayscale replicated)
ldctiqa,0828,0828.png,data/raw/ldctiqa/LDCTiqa_png/0828.png,,,,CT,,512,512,RGB,3,,,,350/40,raw,1.2,subjective_mos_0_4,,98bcb32a469c406e83e1581ab3c88599c815b881a0164bce55b89fe51b661c0d,RGB with three identical channels (grayscale replicated)
ldctiqa,0829,0829.png,data/raw/ldctiqa/LDCTiqa_png/0829.png,,,,CT,,512,512,RGB,3,,,,350/40,raw,3.2,subjective_mos_0_4,,247059526dbe8ba7580121d1835b7f897121e927ac95017cff005b426a667993,RGB with three identical channels (grayscale replicated)
ldctiqa,0830,0830.png,data/raw/ldctiqa/LDCTiqa_png/0830.png,,,,CT,,512,512,RGB,3,,,,350/40,raw,2.2,subjective_mos_0_4,,3dd016f2fc8df2a8d21f912287413d459fa684673ab38792676df25305c665bf,RGB with three identical channels (grayscale replicated)
ldctiqa,0831,0831.png,data/raw/ldctiqa/LDCTiqa_png/0831.png,,,,CT,,512,512,RGB,3,,,,350/40,raw,3.0,subjective_mos_0_4,,ea0aec9c721199b917976ede8ff0e5f0289e8778d62418af22b52297ac4f9220,RGB with three identical channels (grayscale replicated)
ldctiqa,0832,0832.png,data/raw/ldctiqa/LDCTiqa_png/0832.png,,,,CT,,512,512,RGB,3,,,,350/40,raw,4.0,subjective_mos_0_4,,1e7752d430a14a1ec5959a959c18bf1e121f363fcbd29aab9f81605f07da7bd7,RGB with three identical channels (grayscale replicated)
ldctiqa,0833,0833.png,data/raw/ldctiqa/LDCTiqa_png/0833.png,,,,CT,,512,512,RGB,3,,,,350/40,raw,2.2,subjective_mos_0_4,,9930d61add05e44f4e87b55e86bb65fde5d37e56bb2e4be380cc54181cdaa784,RGB with three identical channels (grayscale replicated)
ldctiqa,0834,0834.png,data/raw/ldctiqa/LDCTiqa_png/0834.png,,,,CT,,512,512,RGB,3,,,,350/40,raw,2.4,subjective_mos_0_4,,0158a73144f276727f6fb839da7a445eb8446b5c573847c8310624beb069ac7b,RGB with three identical channels (grayscale replicated)
ldctiqa,0835,0835.png,data/raw/ldctiqa/LDCTiqa_png/0835.png,,,,CT,,512,512,RGB,3,,,,350/40,raw,3.4,subjective_mos_0_4,,246d79b8c88f9f9dff36e270c17d5979e7c8a75a4a671cb81f310b1c6dea438f,RGB with three identical channels (grayscale replicated)
ldctiqa,0836,0836.png,data/raw/ldctiqa/LDCTiqa_png/0836.png,,,,CT,,512,512,RGB,3,,,,350/40,raw,1.8,subjective_mos_0_4,,f4ef82f7ad6f51c82fd76c3cbb03c8a9848a104ed69f456c3a76c00d3132a42e,RGB with three identical channels (grayscale replicated)
ldctiqa,0837,0837.png,data/raw/ldctiqa/LDCTiqa_png/0837.png,,,,CT,,512,512,RGB,3,,,,350/40,raw,4.0,subjective_mos_0_4,,970b6a5f6e4454b08859ffd9fa1ecbba8d770192ca0a5233a4bcd3f588cd9555,RGB with three identical channels (grayscale replicated)
ldctiqa,0838,0838.png,data/raw/ldctiqa/LDCTiqa_png/0838.png,,,,CT,,512,512,RGB,3,,,,350/40,raw,2.6,subjective_mos_0_4,,5ed7bc23e32b46499af7dfed7a58aac51ebbbf7cc9a3d888b3e5a27c36767e17,RGB with three identical channels (grayscale replicated)
ldctiqa,0839,0839.png,data/raw/ldctiqa/LDCTiqa_png/0839.png,,,,CT,,512,512,RGB,3,,,,350/40,raw,2.4,subjective_mos_0_4,,22db30471b4b3d356a26ab9ff6c354ecfd535f3c46ea11d83776c0e3afa5751e,RGB with three identical channels (grayscale replicated)
ldctiqa,0840,0840.png,data/raw/ldctiqa/LDCTiqa_png/0840.png,,,,CT,,512,512,RGB,3,,,,350/40,raw,3.0,subjective_mos_0_4,,1708128782a100a19e4e8008eb36754d3a3b4719bef497c3dbcd33e5cae81343,RGB with three identical channels (grayscale replicated)
ldctiqa,0841,0841.png,data/raw/ldctiqa/LDCTiqa_png/0841.png,,,,CT,,512,512,RGB,3,,,,350/40,raw,0.6,subjective_mos_0_4,,71581472f743f742509c74e898a64029541d800ef6521eb907db99ca3167a8e3,RGB with three identical channels (grayscale replicated)
ldctiqa,0842,0842.png,data/raw/ldctiqa/LDCTiqa_png/0842.png,,,,CT,,512,512,RGB,3,,,,350/40,raw,3.4,subjective_mos_0_4,,8bd8695f2b8a8b45d094ff3cdd51d00970d2ecf5d426f2a77d0b1a86d8c90683,RGB with three identical channels (grayscale replicated)
ldctiqa,0843,0843.png,data/raw/ldctiqa/LDCTiqa_png/0843.png,,,,CT,,512,512,RGB,3,,,,350/40,raw,2.4,subjective_mos_0_4,,72e9b154b39ab8c7698ad73d4deefe957ccbc480cfd8c25e2a39fb0e3cf31a96,RGB with three identical channels (grayscale replicated)
ldctiqa,0844,0844.png,data/raw/ldctiqa/LDCTiqa_png/0844.png,,,,CT,,512,512,RGB,3,,,,350/40,raw,1.8,subjective_mos_0_4,,3590d8de95f77804d3dfb34154907c7a058d2a717efe7430385997f6c21dfc0e,RGB with three identical channels (grayscale replicated)
ldctiqa,0845,0845.png,data/raw/ldctiqa/LDCTiqa_png/0845.png,,,,CT,,512,512,RGB,3,,,,350/40,raw,1.4,subjective_mos_0_4,,a0ed661417c03a8bf7566989ed526feca4df30aa4544650bbb9b1d0c7db075c9,RGB with three identical channels (grayscale replicated)
ldctiqa,0846,0846.png,data/raw/ldctiqa/LDCTiqa_png/0846.png,,,,CT,,512,512,RGB,3,,,,350/40,raw,3.4,subjective_mos_0_4,,d771a5c93b06f34679abad1c7462b8d57255ca695783cc8239ba34f19bd0f685,RGB with three identical channels (grayscale replicated)
ldctiqa,0847,0847.png,data/raw/ldctiqa/LDCTiqa_png/0847.png,,,,CT,,512,512,RGB,3,,,,350/40,raw,1.6,subjective_mos_0_4,,4270b170f7c1a9068674aa227826e95b20fbf1c1d18803817edc23a9bc48e772,RGB with three identical channels (grayscale replicated)
ldctiqa,0848,0848.png,data/raw/ldctiqa/LDCTiqa_png/0848.png,,,,CT,,512,512,RGB,3,,,,350/40,raw,1.8,subjective_mos_0_4,,8a22371267529b1b024b84fe706872b262c507f30c5a412b67f0d04ab50c8f8e,RGB with three identical channels (grayscale replicated)
ldctiqa,0849,0849.png,data/raw/ldctiqa/LDCTiqa_png/0849.png,,,,CT,,512,512,RGB,3,,,,350/40,raw,3.0,subjective_mos_0_4,,f8bec47b4352214370c1ab64b925fad6db7278f229a8d6d2f5eee787fd1024b6,RGB with three identical channels (grayscale replicated)
ldctiqa,0850,0850.png,data/raw/ldctiqa/LDCTiqa_png/0850.png,,,,CT,,512,512,RGB,3,,,,350/40,raw,3.8,subjective_mos_0_4,,5f26fb86014f0f53628a6595cc36c621410f388ce8a8d7dc2ee77820b51a67cd,RGB with three identical channels (grayscale replicated)
ldctiqa,0851,0851.png,data/raw/ldctiqa/LDCTiqa_png/0851.png,,,,CT,,512,512,RGB,3,,,,350/40,raw,1.6,subjective_mos_0_4,,0b5005f12e65cac23a2fcc18c99794903c0e26816883ae1d72c204d068f93391,RGB with three identical channels (grayscale replicated)
ldctiqa,0852,0852.png,data/raw/ldctiqa/LDCTiqa_png/0852.png,,,,CT,,512,512,RGB,3,,,,350/40,raw,3.8,subjective_mos_0_4,,19e2b0ca9dd0ba903d0e56888f8197d9e5a7a34f611779151a0340936e7d8341,RGB with three identical channels (grayscale replicated)
ldctiqa,0853,0853.png,data/raw/ldctiqa/LDCTiqa_png/0853.png,,,,CT,,512,512,RGB,3,,,,350/40,raw,3.8,subjective_mos_0_4,,7927c71a8f81262fd3a2eefa3271a9cf1a2bd871d05972358557e300c88315ca,RGB with three identical channels (grayscale replicated)
ldctiqa,0854,0854.png,data/raw/ldctiqa/LDCTiqa_png/0854.png,,,,CT,,512,512,RGB,3,,,,350/40,raw,0.6,subjective_mos_0_4,,57488ea0e3651c9d551251fae815b18c4e0081a978198ca956918adbc3196720,RGB with three identical channels (grayscale replicated)
ldctiqa,0855,0855.png,data/raw/ldctiqa/LDCTiqa_png/0855.png,,,,CT,,512,512,RGB,3,,,,350/40,raw,0.8,subjective_mos_0_4,,d260aa9fbd06ee88ab99b901940979f3bef00d3cdbd154dced81de852916de55,RGB with three identical channels (grayscale replicated)
ldctiqa,0856,0856.png,data/raw/ldctiqa/LDCTiqa_png/0856.png,,,,CT,,512,512,RGB,3,,,,350/40,raw,2.8,subjective_mos_0_4,,c89fa31f5a0cda0b4829b6050065b20a7528114cd40842ef2cde4d2afd9a860f,RGB with three identical channels (grayscale replicated)
ldctiqa,0857,0857.png,data/raw/ldctiqa/LDCTiqa_png/0857.png,,,,CT,,512,512,RGB,3,,,,350/40,raw,2.8,subjective_mos_0_4,,11236033383d732a1a67c90593048834a2745576887a65620326844f6a1daa6d,RGB with three identical channels (grayscale replicated)
ldctiqa,0858,0858.png,data/raw/ldctiqa/LDCTiqa_png/0858.png,,,,CT,,512,512,RGB,3,,,,350/40,raw,3.0,subjective_mos_0_4,,fc627ea012a23334fd3ca56fb87cec448dac349437dbf8f6dce546c8ab470e8c,RGB with three identical channels (grayscale replicated)
ldctiqa,0859,0859.png,data/raw/ldctiqa/LDCTiqa_png/0859.png,,,,CT,,512,512,RGB,3,,,,350/40,raw,2.2,subjective_mos_0_4,,19dfd7623acbc33123b6aaf9507d5336fdfd887fb7cf0595408bff2565a6ae0c,RGB with three identical channels (grayscale replicated)
ldctiqa,0860,0860.png,data/raw/ldctiqa/LDCTiqa_png/0860.png,,,,CT,,512,512,RGB,3,,,,350/40,raw,0.2,subjective_mos_0_4,,ce2cd3bc842ed95081bcc07a583dfe3acc39e6f5ba7acc6b2e18577b9bc42e38,RGB with three identical channels (grayscale replicated)
ldctiqa,0861,0861.png,data/raw/ldctiqa/LDCTiqa_png/0861.png,,,,CT,,512,512,RGB,3,,,,350/40,raw,2.2,subjective_mos_0_4,,a02b0d6e6b246655be44277548f50d4d49815a320fad97b4b55561b9a3431d18,RGB with three identical channels (grayscale replicated)
ldctiqa,0862,0862.png,data/raw/ldctiqa/LDCTiqa_png/0862.png,,,,CT,,512,512,RGB,3,,,,350/40,raw,0.8,subjective_mos_0_4,,322a5f011d53daf659e0aa62e6bc2aab0cd94d3cad040df98ff978c377c4407f,RGB with three identical channels (grayscale replicated)
ldctiqa,0863,0863.png,data/raw/ldctiqa/LDCTiqa_png/0863.png,,,,CT,,512,512,RGB,3,,,,350/40,raw,1.4,subjective_mos_0_4,,7eed53371d4dd87930ca11cae72fad8b845cb23b7d382a58a15ff2a9a8d624fd,RGB with three identical channels (grayscale replicated)
ldctiqa,0864,0864.png,data/raw/ldctiqa/LDCTiqa_png/0864.png,,,,CT,,512,512,RGB,3,,,,350/40,raw,1.2,subjective_mos_0_4,,efb326492413c98a5b48f655ca28bc62dba6c547a405bf470f2ed5beab2095b1,RGB with three identical channels (grayscale replicated)
ldctiqa,0865,0865.png,data/raw/ldctiqa/LDCTiqa_png/0865.png,,,,CT,,512,512,RGB,3,,,,350/40,raw,1.0,subjective_mos_0_4,,2f0986d856adb713c9474f661343f772e3ce97e7efc4e334e40933f28c97746c,RGB with three identical channels (grayscale replicated)
ldctiqa,0866,0866.png,data/raw/ldctiqa/LDCTiqa_png/0866.png,,,,CT,,512,512,RGB,3,,,,350/40,raw,3.8,subjective_mos_0_4,,4501186c5cd819e965b80291aaa322d3cce1f002fa3cc033f804c69be7527be4,RGB with three identical channels (grayscale replicated)
ldctiqa,0867,0867.png,data/raw/ldctiqa/LDCTiqa_png/0867.png,,,,CT,,512,512,RGB,3,,,,350/40,raw,1.6,subjective_mos_0_4,,2e4b438475b2d76441a9de60324142f657237bf144179f092144ca0b04f201ce,RGB with three identical channels (grayscale replicated)
ldctiqa,0868,0868.png,data/raw/ldctiqa/LDCTiqa_png/0868.png,,,,CT,,512,512,RGB,3,,,,350/40,raw,0.8,subjective_mos_0_4,,f4fecc52e8842d7db7d77fcecca6c7d75153ab52dd7186a035b491dd0bc6ff6d,RGB with three identical channels (grayscale replicated)
ldctiqa,0869,0869.png,data/raw/ldctiqa/LDCTiqa_png/0869.png,,,,CT,,512,512,RGB,3,,,,350/40,raw,3.4,subjective_mos_0_4,,6e3325254866422834cd83392ef036cdab8a504967e48f251f9e99f37147c831,RGB with three identical channels (grayscale replicated)
ldctiqa,0870,0870.png,data/raw/ldctiqa/LDCTiqa_png/0870.png,,,,CT,,512,512,RGB,3,,,,350/40,raw,4.0,subjective_mos_0_4,,b63bbfd8bfd5f45496468b94dd75feb8c85636358924948d80458197f278398c,RGB with three identical channels (grayscale replicated)
ldctiqa,0871,0871.png,data/raw/ldctiqa/LDCTiqa_png/0871.png,,,,CT,,512,512,RGB,3,,,,350/40,raw,1.2,subjective_mos_0_4,,29b07f3a43eed8f57b747fc045ecf401e7a3757c8408979758268241caa1ada3,RGB with three identical channels (grayscale replicated)
ldctiqa,0872,0872.png,data/raw/ldctiqa/LDCTiqa_png/0872.png,,,,CT,,512,512,RGB,3,,,,350/40,raw,0.0,subjective_mos_0_4,,64684c78a60cb944e9ebdf80bfa2b6b77d77d0d57ee14bd6cc18af749f4892aa,RGB with three identical channels (grayscale replicated)
ldctiqa,0873,0873.png,data/raw/ldctiqa/LDCTiqa_png/0873.png,,,,CT,,512,512,RGB,3,,,,350/40,raw,1.8,subjective_mos_0_4,,8cb4507f37f2847d9926f5957b8f882d218ad60ba9436fa3183530d8fa4a781a,RGB with three identical channels (grayscale replicated)
ldctiqa,0874,0874.png,data/raw/ldctiqa/LDCTiqa_png/0874.png,,,,CT,,512,512,RGB,3,,,,350/40,raw,2.8,subjective_mos_0_4,,d271aed4d1bc6a30c1dfeaa360674a9b8965108f81ea73716e4fdd2ab81d04b4,RGB with three identical channels (grayscale replicated)
ldctiqa,0875,0875.png,data/raw/ldctiqa/LDCTiqa_png/0875.png,,,,CT,,512,512,RGB,3,,,,350/40,raw,0.2,subjective_mos_0_4,,fbe7d25ef14eb2177ec046454a367d073f07f56b2725ca02a224e3ba02c1290e,RGB with three identical channels (grayscale replicated)
ldctiqa,0876,0876.png,data/raw/ldctiqa/LDCTiqa_png/0876.png,,,,CT,,512,512,RGB,3,,,,350/40,raw,3.2,subjective_mos_0_4,,5f347f22383bd7cb8eff04a6f547ad97830b301614dd70ab3fd0ea703debd24f,RGB with three identical channels (grayscale replicated)
ldctiqa,0877,0877.png,data/raw/ldctiqa/LDCTiqa_png/0877.png,,,,CT,,512,512,RGB,3,,,,350/40,raw,0.6,subjective_mos_0_4,,340320d742752e38ce3a2323d059d39085a9e01f3b43969a9260f2666b2a84cc,RGB with three identical channels (grayscale replicated)
ldctiqa,0878,0878.png,data/raw/ldctiqa/LDCTiqa_png/0878.png,,,,CT,,512,512,RGB,3,,,,350/40,raw,2.0,subjective_mos_0_4,,faeebddf3f7fadc2fda7234cde6afd70bb2c196af91b942657f8865d8599fb3b,RGB with three identical channels (grayscale replicated)
ldctiqa,0879,0879.png,data/raw/ldctiqa/LDCTiqa_png/0879.png,,,,CT,,512,512,RGB,3,,,,350/40,raw,2.0,subjective_mos_0_4,,8b90d93332b553b97831ac24ce23123a2112f8f34a7265052d9f086fd9a4ce04,RGB with three identical channels (grayscale replicated)
ldctiqa,0880,0880.png,data/raw/ldctiqa/LDCTiqa_png/0880.png,,,,CT,,512,512,RGB,3,,,,350/40,raw,0.4,subjective_mos_0_4,,77ba48130627491b89e467f9b289b1a1633f09b92d966099440ba75ae068a5d7,RGB with three identical channels (grayscale replicated)
ldctiqa,0881,0881.png,data/raw/ldctiqa/LDCTiqa_png/0881.png,,,,CT,,512,512,RGB,3,,,,350/40,raw,1.0,subjective_mos_0_4,,90fc7fa2dc7a04756bfab1dbe5a1a78369b4ac221c8812fb924ff06c8fa04ba5,RGB with three identical channels (grayscale replicated)
ldctiqa,0882,0882.png,data/raw/ldctiqa/LDCTiqa_png/0882.png,,,,CT,,512,512,RGB,3,,,,350/40,raw,0.8,subjective_mos_0_4,,6655e70de9b3b0e388d191c1ce9af92e6a6a1d389dc110c81ed369bcc7a7df5c,RGB with three identical channels (grayscale replicated)
ldctiqa,0883,0883.png,data/raw/ldctiqa/LDCTiqa_png/0883.png,,,,CT,,512,512,RGB,3,,,,350/40,raw,2.6,subjective_mos_0_4,,17f743d5d9b76d0d09cd3fe257ca4d681dad4184a101c7beabd53efc9334edf1,RGB with three identical channels (grayscale replicated)
ldctiqa,0884,0884.png,data/raw/ldctiqa/LDCTiqa_png/0884.png,,,,CT,,512,512,RGB,3,,,,350/40,raw,2.4,subjective_mos_0_4,,d7403bd34da446949a6f23f1183dc137ae6be71be45bab52693659cb97260d01,RGB with three identical channels (grayscale replicated)
ldctiqa,0885,0885.png,data/raw/ldctiqa/LDCTiqa_png/0885.png,,,,CT,,512,512,RGB,3,,,,350/40,raw,2.4,subjective_mos_0_4,,015cd9cb69628ea9eeff74f573c3dc3dd79527d05450d463feee20eaf7e638cd,RGB with three identical channels (grayscale replicated)
ldctiqa,0886,0886.png,data/raw/ldctiqa/LDCTiqa_png/0886.png,,,,CT,,512,512,RGB,3,,,,350/40,raw,3.8,subjective_mos_0_4,,debc22ee98e32df2161f315c32966f7556c21fb5cf7d49491bc5afd57542a83f,RGB with three identical channels (grayscale replicated)
ldctiqa,0887,0887.png,data/raw/ldctiqa/LDCTiqa_png/0887.png,,,,CT,,512,512,RGB,3,,,,350/40,raw,0.8,subjective_mos_0_4,,6c587dacbdd404ca82fb160b7633b3ac3d19ac9caabf7aaada36626ac578c3de,RGB with three identical channels (grayscale replicated)
ldctiqa,0888,0888.png,data/raw/ldctiqa/LDCTiqa_png/0888.png,,,,CT,,512,512,RGB,3,,,,350/40,raw,3.2,subjective_mos_0_4,,520151fe37f4eb33c727fa4f2d3bc782054d114df88b620d2c813e70aeeeeb68,RGB with three identical channels (grayscale replicated)
ldctiqa,0889,0889.png,data/raw/ldctiqa/LDCTiqa_png/0889.png,,,,CT,,512,512,RGB,3,,,,350/40,raw,1.4,subjective_mos_0_4,,02039ee0f5f70657faa4fbf99119eef6d903d02bb19a1cfc1a0c768190f8fd7d,RGB with three identical channels (grayscale replicated)
ldctiqa,0890,0890.png,data/raw/ldctiqa/LDCTiqa_png/0890.png,,,,CT,,512,512,RGB,3,,,,350/40,raw,3.8,subjective_mos_0_4,,702ce83ab3e8e55fe208d22e9bc5a641b4ff677e097fa06b20fc95d742f28340,RGB with three identical channels (grayscale replicated)
ldctiqa,0891,0891.png,data/raw/ldctiqa/LDCTiqa_png/0891.png,,,,CT,,512,512,RGB,3,,,,350/40,raw,3.0,subjective_mos_0_4,,3b566c114ad446419921d871f5674703f1199f2c5e380640ea34027863bfdd3e,RGB with three identical channels (grayscale replicated)
ldctiqa,0892,0892.png,data/raw/ldctiqa/LDCTiqa_png/0892.png,,,,CT,,512,512,RGB,3,,,,350/40,raw,3.2,subjective_mos_0_4,,6b570799b0cfcd75566a6fe35f8e039698abb8e6efffeaa967c4a7ed7c4be818,RGB with three identical channels (grayscale replicated)
ldctiqa,0893,0893.png,data/raw/ldctiqa/LDCTiqa_png/0893.png,,,,CT,,512,512,RGB,3,,,,350/40,raw,3.8,subjective_mos_0_4,,1ff02029cf4e8a54d843a2022f8aef50ccac89eed6d9a4bcf84b62436cb13442,RGB with three identical channels (grayscale replicated)
ldctiqa,0894,0894.png,data/raw/ldctiqa/LDCTiqa_png/0894.png,,,,CT,,512,512,RGB,3,,,,350/40,raw,2.2,subjective_mos_0_4,,b432f472927249e125ac316101d838aec169802b31f57ba71f9eb6dce0c5bb3c,RGB with three identical channels (grayscale replicated)
ldctiqa,0895,0895.png,data/raw/ldctiqa/LDCTiqa_png/0895.png,,,,CT,,512,512,RGB,3,,,,350/40,raw,0.8,subjective_mos_0_4,,765fd737e93707309f8bac9da6a6dd51fc00dc69403a1270788ec5fc6c422dc0,RGB with three identical channels (grayscale replicated)
ldctiqa,0896,0896.png,data/raw/ldctiqa/LDCTiqa_png/0896.png,,,,CT,,512,512,RGB,3,,,,350/40,raw,1.4,subjective_mos_0_4,,fccd419dde8c68bc60b0e6f520aebbf4f817d4f2e4850be7a42fe62b34253065,RGB with three identical channels (grayscale replicated)
ldctiqa,0897,0897.png,data/raw/ldctiqa/LDCTiqa_png/0897.png,,,,CT,,512,512,RGB,3,,,,350/40,raw,1.4,subjective_mos_0_4,,c539ea9dc647b3c602f05d964b8cb7a783809fa451d9a1a51376dcc5d19e1a4f,RGB with three identical channels (grayscale replicated)
ldctiqa,0898,0898.png,data/raw/ldctiqa/LDCTiqa_png/0898.png,,,,CT,,512,512,RGB,3,,,,350/40,raw,3.0,subjective_mos_0_4,,d29f2e8e2bdb6c2a663ca63f9952bb8ebfc2228a40cdef4eb931685c78c62108,RGB with three identical channels (grayscale replicated)
ldctiqa,0899,0899.png,data/raw/ldctiqa/LDCTiqa_png/0899.png,,,,CT,,512,512,RGB,3,,,,350/40,raw,3.2,subjective_mos_0_4,,1220e57790b82a2ba4adb5f08ec6795e79d2f1ce30b725c0d12b367690da9ed9,RGB with three identical channels (grayscale replicated)
ldctiqa,0900,0900.png,data/raw/ldctiqa/LDCTiqa_png/0900.png,,,,CT,,512,512,RGB,3,,,,350/40,raw,3.0,subjective_mos_0_4,,86b9c634da45a272a29eb92e9c3b33e286e77066c42e2065cd12d8cd3dc1d5ac,RGB with three identical channels (grayscale replicated)
ldctiqa,0901,0901.png,data/raw/ldctiqa/LDCTiqa_png/0901.png,,,,CT,,512,512,RGB,3,,,,350/40,raw,0.6,subjective_mos_0_4,,0516d4ed513577d3810d35096bb89af4666c8e73918a7487cff22ce434550edf,RGB with three identical channels (grayscale replicated)
ldctiqa,0902,0902.png,data/raw/ldctiqa/LDCTiqa_png/0902.png,,,,CT,,512,512,RGB,3,,,,350/40,raw,3.4,subjective_mos_0_4,,641844fa544747b570737720f680a3ada38f061066996ced522c85f7de308492,RGB with three identical channels (grayscale replicated)
ldctiqa,0903,0903.png,data/raw/ldctiqa/LDCTiqa_png/0903.png,,,,CT,,512,512,RGB,3,,,,350/40,raw,1.0,subjective_mos_0_4,,749a9559f6a4e632c09a45262c48f6ca0ad460ec5e05052ab84ac0657f663ca7,RGB with three identical channels (grayscale replicated)
ldctiqa,0904,0904.png,data/raw/ldctiqa/LDCTiqa_png/0904.png,,,,CT,,512,512,RGB,3,,,,350/40,raw,1.2,subjective_mos_0_4,,003d5481e126c7ffc0f3b7c3bf1474748e0c4067a11465f86136cfa841896af5,RGB with three identical channels (grayscale replicated)
ldctiqa,0905,0905.png,data/raw/ldctiqa/LDCTiqa_png/0905.png,,,,CT,,512,512,RGB,3,,,,350/40,raw,3.8,subjective_mos_0_4,,03b0f77147ecf131a70c0086daa727dcfcb5ace7b1c31dc13a4b143b7d90a8aa,RGB with three identical channels (grayscale replicated)
ldctiqa,0906,0906.png,data/raw/ldctiqa/LDCTiqa_png/0906.png,,,,CT,,512,512,RGB,3,,,,350/40,raw,1.8,subjective_mos_0_4,,2bb588aec506a8134c0c174e2304ccef42e8d943190aeb2f5be2b1ae176130b3,RGB with three identical channels (grayscale replicated)
ldctiqa,0907,0907.png,data/raw/ldctiqa/LDCTiqa_png/0907.png,,,,CT,,512,512,RGB,3,,,,350/40,raw,1.8,subjective_mos_0_4,,c8a7144eeaf01cdcccc7b37ff866e929a8249751ff2d13bc6aecc9197c4700dc,RGB with three identical channels (grayscale replicated)
ldctiqa,0908,0908.png,data/raw/ldctiqa/LDCTiqa_png/0908.png,,,,CT,,512,512,RGB,3,,,,350/40,raw,2.8,subjective_mos_0_4,,2e63392812560a2328b094a7d02a918ce7617d8e30b94aac00f3b9a073ff9e82,RGB with three identical channels (grayscale replicated)
ldctiqa,0909,0909.png,data/raw/ldctiqa/LDCTiqa_png/0909.png,,,,CT,,512,512,RGB,3,,,,350/40,raw,3.6,subjective_mos_0_4,,1736b6f7900cb685718034e6bbc42f9713b1e47087b7b73d8e406ec42634f88c,RGB with three identical channels (grayscale replicated)
ldctiqa,0910,0910.png,data/raw/ldctiqa/LDCTiqa_png/0910.png,,,,CT,,512,512,RGB,3,,,,350/40,raw,1.0,subjective_mos_0_4,,b555fb6e28cb7523eb343b8ad8269116fc12e895b0feec1e1ac93c6ce28c9a9e,RGB with three identical channels (grayscale replicated)
ldctiqa,0911,0911.png,data/raw/ldctiqa/LDCTiqa_png/0911.png,,,,CT,,512,512,RGB,3,,,,350/40,raw,0.8,subjective_mos_0_4,,3d10473aa63a2edfcd744b8fb166de19856fa1c3e7da6695a99f901ea8487812,RGB with three identical channels (grayscale replicated)
ldctiqa,0912,0912.png,data/raw/ldctiqa/LDCTiqa_png/0912.png,,,,CT,,512,512,RGB,3,,,,350/40,raw,1.4,subjective_mos_0_4,,2d6fb6d34784868eb03c2eb815bbb2e7b66b0874ef77e3a67367f5b4824ce55d,RGB with three identical channels (grayscale replicated)
ldctiqa,0913,0913.png,data/raw/ldctiqa/LDCTiqa_png/0913.png,,,,CT,,512,512,RGB,3,,,,350/40,raw,2.4,subjective_mos_0_4,,9dbe0af5098bccb4161d9c82bc165ea8cc8c1a07c2f147caddbacac9ac527d63,RGB with three identical channels (grayscale replicated)
ldctiqa,0914,0914.png,data/raw/ldctiqa/LDCTiqa_png/0914.png,,,,CT,,512,512,RGB,3,,,,350/40,raw,4.0,subjective_mos_0_4,,b364e694e6626c1fa5b825fe75be60070e518ff3a14c3cc75634dff1f9e7a2b1,RGB with three identical channels (grayscale replicated)
ldctiqa,0915,0915.png,data/raw/ldctiqa/LDCTiqa_png/0915.png,,,,CT,,512,512,RGB,3,,,,350/40,raw,2.0,subjective_mos_0_4,,ca82d85a8ee87bf4b5c6963a64f930aba1139c4dad32a754e8b125f88d18d1bb,RGB with three identical channels (grayscale replicated)
ldctiqa,0916,0916.png,data/raw/ldctiqa/LDCTiqa_png/0916.png,,,,CT,,512,512,RGB,3,,,,350/40,raw,3.0,subjective_mos_0_4,,d1ee886173d89388a3ed68c9b183cffccd427b03a266e8ed2f738c19f05e4ac4,RGB with three identical channels (grayscale replicated)
ldctiqa,0917,0917.png,data/raw/ldctiqa/LDCTiqa_png/0917.png,,,,CT,,512,512,RGB,3,,,,350/40,raw,1.6,subjective_mos_0_4,,53ad56c5ff5443f0a632f829567aad70ba7a29517f0b1aa1d5efdd4f0edb5803,RGB with three identical channels (grayscale replicated)
ldctiqa,0918,0918.png,data/raw/ldctiqa/LDCTiqa_png/0918.png,,,,CT,,512,512,RGB,3,,,,350/40,raw,2.6,subjective_mos_0_4,,8d8bf2dde75c3455d469823cfaa218cefff20354f9b3ef760176936c87ea88be,RGB with three identical channels (grayscale replicated)
ldctiqa,0919,0919.png,data/raw/ldctiqa/LDCTiqa_png/0919.png,,,,CT,,512,512,RGB,3,,,,350/40,raw,3.6,subjective_mos_0_4,,11bbe020fc6f310a6d62af4eee5e3e18c16385470d8075c6c40dc41c37b317d7,RGB with three identical channels (grayscale replicated)
ldctiqa,0920,0920.png,data/raw/ldctiqa/LDCTiqa_png/0920.png,,,,CT,,512,512,RGB,3,,,,350/40,raw,3.8,subjective_mos_0_4,,bafa86d42c30bffaba6f74e02ce8365f0e0d5110ddab8e710b54cb9a588af01e,RGB with three identical channels (grayscale replicated)
ldctiqa,0921,0921.png,data/raw/ldctiqa/LDCTiqa_png/0921.png,,,,CT,,512,512,RGB,3,,,,350/40,raw,2.0,subjective_mos_0_4,,237abc3846638f616926b92ed58b0dc85b26c3036b1c942e584c08e6e88256a1,RGB with three identical channels (grayscale replicated)
ldctiqa,0922,0922.png,data/raw/ldctiqa/LDCTiqa_png/0922.png,,,,CT,,512,512,RGB,3,,,,350/40,raw,2.0,subjective_mos_0_4,,48a5fa5a768d58d6a3eb696d267bef44f76f5b653d851dab2a065966fbe3aee3,RGB with three identical channels (grayscale replicated)
ldctiqa,0923,0923.png,data/raw/ldctiqa/LDCTiqa_png/0923.png,,,,CT,,512,512,RGB,3,,,,350/40,raw,1.8,subjective_mos_0_4,,7d615ce22e7828fbf5e30df9b18bb9e3c1d594b244cc4c342e93eed54a5a2fb6,RGB with three identical channels (grayscale replicated)
ldctiqa,0924,0924.png,data/raw/ldctiqa/LDCTiqa_png/0924.png,,,,CT,,512,512,RGB,3,,,,350/40,raw,3.0,subjective_mos_0_4,,c5f762eb1d8fd644740160127e7c907b41a7265a2d076316b067a711da665bee,RGB with three identical channels (grayscale replicated)
ldctiqa,0925,0925.png,data/raw/ldctiqa/LDCTiqa_png/0925.png,,,,CT,,512,512,RGB,3,,,,350/40,raw,1.8,subjective_mos_0_4,,e76ed85ab2d0e9b76f4ebf7999eb0768217f170a61ac29ad28926843e8dbf708,RGB with three identical channels (grayscale replicated)
ldctiqa,0926,0926.png,data/raw/ldctiqa/LDCTiqa_png/0926.png,,,,CT,,512,512,RGB,3,,,,350/40,raw,2.4,subjective_mos_0_4,,c10caa06bda43321daec68e1f4d4fd54f31ab06573faeca0a7ae6fbb663a4a6a,RGB with three identical channels (grayscale replicated)
ldctiqa,0927,0927.png,data/raw/ldctiqa/LDCTiqa_png/0927.png,,,,CT,,512,512,RGB,3,,,,350/40,raw,0.0,subjective_mos_0_4,,3c1b11d285c4fccb1f713a557697c6f6290721750ff8575894b8aefecf4737e8,RGB with three identical channels (grayscale replicated)
ldctiqa,0928,0928.png,data/raw/ldctiqa/LDCTiqa_png/0928.png,,,,CT,,512,512,RGB,3,,,,350/40,raw,3.2,subjective_mos_0_4,,d95710683d8948f6cb5c343bb45962ccd866646eef3cf516f29c2d12a829709b,RGB with three identical channels (grayscale replicated)
ldctiqa,0929,0929.png,data/raw/ldctiqa/LDCTiqa_png/0929.png,,,,CT,,512,512,RGB,3,,,,350/40,raw,0.4,subjective_mos_0_4,,43ad8770cff9e4226feba1e6695af285f9d0a5bdd8cbe3ec694f741bebe4c758,RGB with three identical channels (grayscale replicated)
ldctiqa,0930,0930.png,data/raw/ldctiqa/LDCTiqa_png/0930.png,,,,CT,,512,512,RGB,3,,,,350/40,raw,3.6,subjective_mos_0_4,,6c4df1b98ffe91cf4d0ce912059c845b6e34fe5a0bd0ec2bf3b5e23eccb90789,RGB with three identical channels (grayscale replicated)
ldctiqa,0931,0931.png,data/raw/ldctiqa/LDCTiqa_png/0931.png,,,,CT,,512,512,RGB,3,,,,350/40,raw,1.2,subjective_mos_0_4,,09a9527911403acb3365fe29926e1e59daa41140bf39ca9197776f997635ccb7,RGB with three identical channels (grayscale replicated)
ldctiqa,0932,0932.png,data/raw/ldctiqa/LDCTiqa_png/0932.png,,,,CT,,512,512,RGB,3,,,,350/40,raw,3.0,subjective_mos_0_4,,282dbaf4462b66b6b7db6300624e373632559799c8db7713c61c60fcc3d1029f,RGB with three identical channels (grayscale replicated)
ldctiqa,0933,0933.png,data/raw/ldctiqa/LDCTiqa_png/0933.png,,,,CT,,512,512,RGB,3,,,,350/40,raw,1.6,subjective_mos_0_4,,f5d4f0640e50ee166334facb799bf60220b2789f7fc01fc4a1c0ea7535fdae90,RGB with three identical channels (grayscale replicated)
ldctiqa,0934,0934.png,data/raw/ldctiqa/LDCTiqa_png/0934.png,,,,CT,,512,512,RGB,3,,,,350/40,raw,4.0,subjective_mos_0_4,,7509614e65633b390980c5048288c77c512ebb3e7c188816b522e371b86ebb91,RGB with three identical channels (grayscale replicated)
ldctiqa,0935,0935.png,data/raw/ldctiqa/LDCTiqa_png/0935.png,,,,CT,,512,512,RGB,3,,,,350/40,raw,2.4,subjective_mos_0_4,,d1b441ece6ed2d4d6ed4a13e6e6966a9b3019a64c5edee814616323b84852383,RGB with three identical channels (grayscale replicated)
ldctiqa,0936,0936.png,data/raw/ldctiqa/LDCTiqa_png/0936.png,,,,CT,,512,512,RGB,3,,,,350/40,raw,1.2,subjective_mos_0_4,,36c34a0bef35cb1880d765849b0afb8a00ff0f22a9e6bd9a872d94954aef5983,RGB with three identical channels (grayscale replicated)
ldctiqa,0937,0937.png,data/raw/ldctiqa/LDCTiqa_png/0937.png,,,,CT,,512,512,RGB,3,,,,350/40,raw,3.0,subjective_mos_0_4,,b79cc6ff0ab4195211bddba75e73d99ab828bcccff6d6ad7baecf867ebbe9358,RGB with three identical channels (grayscale replicated)
ldctiqa,0938,0938.png,data/raw/ldctiqa/LDCTiqa_png/0938.png,,,,CT,,512,512,RGB,3,,,,350/40,raw,2.8,subjective_mos_0_4,,be05534107d1645416b9abaf8aa7cf964d46334ff37498d38cecacecf5debc3a,RGB with three identical channels (grayscale replicated)
ldctiqa,0939,0939.png,data/raw/ldctiqa/LDCTiqa_png/0939.png,,,,CT,,512,512,RGB,3,,,,350/40,raw,0.2,subjective_mos_0_4,,d65868e33ea681ed9f727f82a7e616b670ff313d690de54df39eff662a741ba9,RGB with three identical channels (grayscale replicated)
ldctiqa,0940,0940.png,data/raw/ldctiqa/LDCTiqa_png/0940.png,,,,CT,,512,512,RGB,3,,,,350/40,raw,1.8,subjective_mos_0_4,,7fa6da89cc4bb587e7b3c6ebf9ac5fe4b6d4091c9508efd0bab5048e6dcbdfe2,RGB with three identical channels (grayscale replicated)
ldctiqa,0941,0941.png,data/raw/ldctiqa/LDCTiqa_png/0941.png,,,,CT,,512,512,RGB,3,,,,350/40,raw,3.0,subjective_mos_0_4,,5d59229c1113f914d2856a76bd866a410f83c8e309ec60d782853c89564b4a47,RGB with three identical channels (grayscale replicated)
ldctiqa,0942,0942.png,data/raw/ldctiqa/LDCTiqa_png/0942.png,,,,CT,,512,512,RGB,3,,,,350/40,raw,3.8,subjective_mos_0_4,,14a2464a7efb8309a7a239cc8ead7760390b1447071d4bc80ccfa3d951f6fc83,RGB with three identical channels (grayscale replicated)
ldctiqa,0943,0943.png,data/raw/ldctiqa/LDCTiqa_png/0943.png,,,,CT,,512,512,RGB,3,,,,350/40,raw,0.0,subjective_mos_0_4,,1ac46874c2c492a4b35653d0781a0b439d0dc8bc9d9da267c8f5e690f211d969,RGB with three identical channels (grayscale replicated)
ldctiqa,0944,0944.png,data/raw/ldctiqa/LDCTiqa_png/0944.png,,,,CT,,512,512,RGB,3,,,,350/40,raw,2.0,subjective_mos_0_4,,163b132057dd60236a5d2dd7cb421bf32637d357700d668cdcfb2c0019064390,RGB with three identical channels (grayscale replicated)
ldctiqa,0945,0945.png,data/raw/ldctiqa/LDCTiqa_png/0945.png,,,,CT,,512,512,RGB,3,,,,350/40,raw,1.6,subjective_mos_0_4,,1b11b6abb57fe59a788f60fa04b9f6958e2043eaf9c96787dbe648b22dd46959,RGB with three identical channels (grayscale replicated)
ldctiqa,0946,0946.png,data/raw/ldctiqa/LDCTiqa_png/0946.png,,,,CT,,512,512,RGB,3,,,,350/40,raw,1.6,subjective_mos_0_4,,9b66e993b06649df69ee4c9cee8a1760909c5afdb3ee0b9c91559a0dfbd8924a,RGB with three identical channels (grayscale replicated)
ldctiqa,0947,0947.png,data/raw/ldctiqa/LDCTiqa_png/0947.png,,,,CT,,512,512,RGB,3,,,,350/40,raw,1.0,subjective_mos_0_4,,56cb47604d8ad208375e117594d188a9d0754c62f9d7240d73281558c91aa55c,RGB with three identical channels (grayscale replicated)
ldctiqa,0948,0948.png,data/raw/ldctiqa/LDCTiqa_png/0948.png,,,,CT,,512,512,RGB,3,,,,350/40,raw,3.0,subjective_mos_0_4,,c2ebe0708059915cab7b90347ffd26c36fcfa28b83c7af6240a054dd1782f099,RGB with three identical channels (grayscale replicated)
ldctiqa,0949,0949.png,data/raw/ldctiqa/LDCTiqa_png/0949.png,,,,CT,,512,512,RGB,3,,,,350/40,raw,2.2,subjective_mos_0_4,,bedfcae1ccfeabc0ccb6d96017b19be903b530a55c785b35c25b0ad4dc9a4be4,RGB with three identical channels (grayscale replicated)
ldctiqa,0950,0950.png,data/raw/ldctiqa/LDCTiqa_png/0950.png,,,,CT,,512,512,RGB,3,,,,350/40,raw,2.6,subjective_mos_0_4,,838fb942d615f88b564cefe48bace36a8f011e43bf56165c04664e99f043ff89,RGB with three identical channels (grayscale replicated)
ldctiqa,0951,0951.png,data/raw/ldctiqa/LDCTiqa_png/0951.png,,,,CT,,512,512,RGB,3,,,,350/40,raw,3.2,subjective_mos_0_4,,de85d68d1f738d9e7f70026adb19435fd927ea567b159b81ba351afe016027f1,RGB with three identical channels (grayscale replicated)
ldctiqa,0952,0952.png,data/raw/ldctiqa/LDCTiqa_png/0952.png,,,,CT,,512,512,RGB,3,,,,350/40,raw,1.4,subjective_mos_0_4,,8c19fe9ff00a07addf0fb5eab4d390de403e818ea524cf3b75b5ff0cfcc239d3,RGB with three identical channels (grayscale replicated)
ldctiqa,0953,0953.png,data/raw/ldctiqa/LDCTiqa_png/0953.png,,,,CT,,512,512,RGB,3,,,,350/40,raw,1.2,subjective_mos_0_4,,04cd09e47966f273e9ae5f20d1c3b3223da9fcac6aba71b20cced778d634a00c,RGB with three identical channels (grayscale replicated)
ldctiqa,0954,0954.png,data/raw/ldctiqa/LDCTiqa_png/0954.png,,,,CT,,512,512,RGB,3,,,,350/40,raw,1.4,subjective_mos_0_4,,52eca0afb38845327ff0793d4969a40198aeb2c3ea01430bc1281528aecfbfd1,RGB with three identical channels (grayscale replicated)
ldctiqa,0955,0955.png,data/raw/ldctiqa/LDCTiqa_png/0955.png,,,,CT,,512,512,RGB,3,,,,350/40,raw,1.0,subjective_mos_0_4,,461590d4bd57a6d59ce295c161091a7a57c31c6a5ee8a3c62c692c1eefce6317,RGB with three identical channels (grayscale replicated)
ldctiqa,0956,0956.png,data/raw/ldctiqa/LDCTiqa_png/0956.png,,,,CT,,512,512,RGB,3,,,,350/40,raw,1.4,subjective_mos_0_4,,efd06f850e51bd1cfeb95b7bc7b4c0ad1280297e61238773efa22d93a8fde8bc,RGB with three identical channels (grayscale replicated)
ldctiqa,0957,0957.png,data/raw/ldctiqa/LDCTiqa_png/0957.png,,,,CT,,512,512,RGB,3,,,,350/40,raw,3.8,subjective_mos_0_4,,aee204e615226a323f0cae876266e375e68a67da3707c0023a5df36b4b6bb543,RGB with three identical channels (grayscale replicated)
ldctiqa,0958,0958.png,data/raw/ldctiqa/LDCTiqa_png/0958.png,,,,CT,,512,512,RGB,3,,,,350/40,raw,2.2,subjective_mos_0_4,,6a59bdb19395596699c689d8e2e3c3360ac33235026528cd34a27f0e06966617,RGB with three identical channels (grayscale replicated)
ldctiqa,0959,0959.png,data/raw/ldctiqa/LDCTiqa_png/0959.png,,,,CT,,512,512,RGB,3,,,,350/40,raw,3.0,subjective_mos_0_4,,bb3f85e1c33ed7f9690547baed1ae0ba341937d73b2834268366785b3c92aa90,RGB with three identical channels (grayscale replicated)
ldctiqa,0960,0960.png,data/raw/ldctiqa/LDCTiqa_png/0960.png,,,,CT,,512,512,RGB,3,,,,350/40,raw,4.0,subjective_mos_0_4,,b72106f07c7b8dcfe06a56f0d813baee2dce77f54b13b5a94218343858b5a63f,RGB with three identical channels (grayscale replicated)
ldctiqa,0961,0961.png,data/raw/ldctiqa/LDCTiqa_png/0961.png,,,,CT,,512,512,RGB,3,,,,350/40,raw,4.0,subjective_mos_0_4,,026860a4834279555720abbbdae4fe80395460bc7ca77fe295623ba9b0d0e493,RGB with three identical channels (grayscale replicated)
ldctiqa,0962,0962.png,data/raw/ldctiqa/LDCTiqa_png/0962.png,,,,CT,,512,512,RGB,3,,,,350/40,raw,0.6,subjective_mos_0_4,,b40a94fc5390abf3cc0103e826ec768b81e4db20f1f4a5663723a7f4a1a55dfe,RGB with three identical channels (grayscale replicated)
ldctiqa,0963,0963.png,data/raw/ldctiqa/LDCTiqa_png/0963.png,,,,CT,,512,512,RGB,3,,,,350/40,raw,2.8,subjective_mos_0_4,,7776a98e57e3666470757b3ffc96402c4810c5a316bb0eeb2ad21b31bfcccf0a,RGB with three identical channels (grayscale replicated)
ldctiqa,0964,0964.png,data/raw/ldctiqa/LDCTiqa_png/0964.png,,,,CT,,512,512,RGB,3,,,,350/40,raw,3.4,subjective_mos_0_4,,ff4dd5b64194da895e92616706e4212385ea65c2355301d8fd8c4014e8598b2b,RGB with three identical channels (grayscale replicated)
ldctiqa,0965,0965.png,data/raw/ldctiqa/LDCTiqa_png/0965.png,,,,CT,,512,512,RGB,3,,,,350/40,raw,0.8,subjective_mos_0_4,,64042e3bf2d382daa5380d7cdf43bf56196d9773b19a4f7af93fc21d22110f27,RGB with three identical channels (grayscale replicated)
ldctiqa,0966,0966.png,data/raw/ldctiqa/LDCTiqa_png/0966.png,,,,CT,,512,512,RGB,3,,,,350/40,raw,2.6,subjective_mos_0_4,,4f56ab58980688e628f5f09271c49fedc432aee3555bc43e3db5e9de82deb839,RGB with three identical channels (grayscale replicated)
ldctiqa,0967,0967.png,data/raw/ldctiqa/LDCTiqa_png/0967.png,,,,CT,,512,512,RGB,3,,,,350/40,raw,0.0,subjective_mos_0_4,,d5f907cd198368a296f826a73eb002f749005c313669bf735bcd4a10fbe3fab9,RGB with three identical channels (grayscale replicated)
ldctiqa,0968,0968.png,data/raw/ldctiqa/LDCTiqa_png/0968.png,,,,CT,,512,512,RGB,3,,,,350/40,raw,0.6,subjective_mos_0_4,,251757cde0a8d30096a2a87614cf0d87d68430a821b805951d3f05945edc4972,RGB with three identical channels (grayscale replicated)
ldctiqa,0969,0969.png,data/raw/ldctiqa/LDCTiqa_png/0969.png,,,,CT,,512,512,RGB,3,,,,350/40,raw,0.6,subjective_mos_0_4,,5933ace69226b10e4003915dde28f2f580230546c871a9d2eff533978b6ff632,RGB with three identical channels (grayscale replicated)
ldctiqa,0970,0970.png,data/raw/ldctiqa/LDCTiqa_png/0970.png,,,,CT,,512,512,RGB,3,,,,350/40,raw,1.6,subjective_mos_0_4,,66eb365d0eb9060a0719f5f360552e2ae302dc669de391285cd0614b9cc78992,RGB with three identical channels (grayscale replicated)
ldctiqa,0971,0971.png,data/raw/ldctiqa/LDCTiqa_png/0971.png,,,,CT,,512,512,RGB,3,,,,350/40,raw,3.0,subjective_mos_0_4,,3b6d12de85625a2f271e416b347cd1a9299f205d0026be8ba5f8063868830246,RGB with three identical channels (grayscale replicated)
ldctiqa,0972,0972.png,data/raw/ldctiqa/LDCTiqa_png/0972.png,,,,CT,,512,512,RGB,3,,,,350/40,raw,1.8,subjective_mos_0_4,,d781cacbab4db8ce155539624c3c5f03d3c52e59d2355de83def1bbc10218c37,RGB with three identical channels (grayscale replicated)
ldctiqa,0973,0973.png,data/raw/ldctiqa/LDCTiqa_png/0973.png,,,,CT,,512,512,RGB,3,,,,350/40,raw,3.4,subjective_mos_0_4,,39e50bdba15c6778771dcd155f985bf3bc7c83756eb83e44d7cfecb035ce1705,RGB with three identical channels (grayscale replicated)
ldctiqa,0974,0974.png,data/raw/ldctiqa/LDCTiqa_png/0974.png,,,,CT,,512,512,RGB,3,,,,350/40,raw,2.8,subjective_mos_0_4,,2ce647eeef2376c948763871a93bb04b3d0d6e6a3ed55f539d048a9ae5209381,RGB with three identical channels (grayscale replicated)
ldctiqa,0975,0975.png,data/raw/ldctiqa/LDCTiqa_png/0975.png,,,,CT,,512,512,RGB,3,,,,350/40,raw,1.8,subjective_mos_0_4,,791bacb5e2b3420ff44eae644b561d6970e7ded0e67ea6df6dc89be7e7eff15f,RGB with three identical channels (grayscale replicated)
ldctiqa,0976,0976.png,data/raw/ldctiqa/LDCTiqa_png/0976.png,,,,CT,,512,512,RGB,3,,,,350/40,raw,1.2,subjective_mos_0_4,,e3dfeaa8bed2146c9669c77d1521e692be19679b4ff09c0ff57928984afa6140,RGB with three identical channels (grayscale replicated)
ldctiqa,0977,0977.png,data/raw/ldctiqa/LDCTiqa_png/0977.png,,,,CT,,512,512,RGB,3,,,,350/40,raw,2.0,subjective_mos_0_4,,f9547ae900bab037692880bc5f2fc54457b08b64f2fbd5c1fdd354b6d87a20e4,RGB with three identical channels (grayscale replicated)
ldctiqa,0978,0978.png,data/raw/ldctiqa/LDCTiqa_png/0978.png,,,,CT,,512,512,RGB,3,,,,350/40,raw,2.4,subjective_mos_0_4,,47d2b88032c4b70ea766d41fca4af52f3f64cb64b6afcace7778c9f89a8e8cac,RGB with three identical channels (grayscale replicated)
ldctiqa,0979,0979.png,data/raw/ldctiqa/LDCTiqa_png/0979.png,,,,CT,,512,512,RGB,3,,,,350/40,raw,2.4,subjective_mos_0_4,,b2ab155a34966a2eb76d6caa5e5f0a315af2233fbedec7af46a61a62c60500ad,RGB with three identical channels (grayscale replicated)
ldctiqa,0980,0980.png,data/raw/ldctiqa/LDCTiqa_png/0980.png,,,,CT,,512,512,RGB,3,,,,350/40,raw,0.8,subjective_mos_0_4,,704abe7cb6d826dee617c0c7b79a42f49124ab41940e33c8dab8f7b10d3af93f,RGB with three identical channels (grayscale replicated)
ldctiqa,0981,0981.png,data/raw/ldctiqa/LDCTiqa_png/0981.png,,,,CT,,512,512,RGB,3,,,,350/40,raw,4.0,subjective_mos_0_4,,c000135fbcc7802fb6f7f993c98bffbe7029ea5e23bbd18e4513977c8f1f7024,RGB with three identical channels (grayscale replicated)
ldctiqa,0982,0982.png,data/raw/ldctiqa/LDCTiqa_png/0982.png,,,,CT,,512,512,RGB,3,,,,350/40,raw,2.0,subjective_mos_0_4,,af8f6d261c8ad1ab4f7e397e1166e492345a073627db1696d1f95f5fd30442f3,RGB with three identical channels (grayscale replicated)
ldctiqa,0983,0983.png,data/raw/ldctiqa/LDCTiqa_png/0983.png,,,,CT,,512,512,RGB,3,,,,350/40,raw,0.8,subjective_mos_0_4,,2d76438b3fea5962e57dd683d3f01791e92bcd197c97b2b2e9c247339ea52f1f,RGB with three identical channels (grayscale replicated)
ldctiqa,0984,0984.png,data/raw/ldctiqa/LDCTiqa_png/0984.png,,,,CT,,512,512,RGB,3,,,,350/40,raw,2.4,subjective_mos_0_4,,d5e3db63e9f6815893e45755986d380bc573bc1226cd3441dd6c960e0230ead9,RGB with three identical channels (grayscale replicated)
ldctiqa,0985,0985.png,data/raw/ldctiqa/LDCTiqa_png/0985.png,,,,CT,,512,512,RGB,3,,,,350/40,raw,1.8,subjective_mos_0_4,,67b6e6b2f3944c379c637dd595bdbd63bd1aef050a04a3dcec85b3c8a41dde4a,RGB with three identical channels (grayscale replicated)
ldctiqa,0986,0986.png,data/raw/ldctiqa/LDCTiqa_png/0986.png,,,,CT,,512,512,RGB,3,,,,350/40,raw,1.0,subjective_mos_0_4,,398901498d3ab1c9903ac5ded0cff4380df8a10f4335d8fa0aab7507db0aefcb,RGB with three identical channels (grayscale replicated)
ldctiqa,0987,0987.png,data/raw/ldctiqa/LDCTiqa_png/0987.png,,,,CT,,512,512,RGB,3,,,,350/40,raw,1.4,subjective_mos_0_4,,9d81adad4d0b79550c4f60381f17a94118706f2563c3675beb96f07acfa34de1,RGB with three identical channels (grayscale replicated)
ldctiqa,0988,0988.png,data/raw/ldctiqa/LDCTiqa_png/0988.png,,,,CT,,512,512,RGB,3,,,,350/40,raw,2.4,subjective_mos_0_4,,2ecf6158d8c78da50bc96fb5d0fa01c8707765698f81cfbcc78678018531a564,RGB with three identical channels (grayscale replicated)
ldctiqa,0989,0989.png,data/raw/ldctiqa/LDCTiqa_png/0989.png,,,,CT,,512,512,RGB,3,,,,350/40,raw,0.6,subjective_mos_0_4,,9ebddd29a0722aff7f2efa9bea242b20363bad50ab8607b0361766119b08c930,RGB with three identical channels (grayscale replicated)
ldctiqa,0990,0990.png,data/raw/ldctiqa/LDCTiqa_png/0990.png,,,,CT,,512,512,RGB,3,,,,350/40,raw,1.4,subjective_mos_0_4,,f2d188a67e0ac07c8fe5cf091e92abf63def82ce58fc0e33efd1982d85b2d88a,RGB with three identical channels (grayscale replicated)
ldctiqa,0991,0991.png,data/raw/ldctiqa/LDCTiqa_png/0991.png,,,,CT,,512,512,RGB,3,,,,350/40,raw,0.6,subjective_mos_0_4,,3cb1ad96085c55d3599fdc4be06ebcb7cbb90821799e0674d5e2a562747d19f9,RGB with three identical channels (grayscale replicated)
ldctiqa,0992,0992.png,data/raw/ldctiqa/LDCTiqa_png/0992.png,,,,CT,,512,512,RGB,3,,,,350/40,raw,0.8,subjective_mos_0_4,,a79adc6a5eab12484cad7b5823c4cfbaa904c253b9e0892a60cee9996254badf,RGB with three identical channels (grayscale replicated)
ldctiqa,0993,0993.png,data/raw/ldctiqa/LDCTiqa_png/0993.png,,,,CT,,512,512,RGB,3,,,,350/40,raw,3.4,subjective_mos_0_4,,01f75826452cb8a0af2abe10430c7bbe0d8687d9a6becf22729296413c366f4f,RGB with three identical channels (grayscale replicated)
ldctiqa,0994,0994.png,data/raw/ldctiqa/LDCTiqa_png/0994.png,,,,CT,,512,512,RGB,3,,,,350/40,raw,2.4,subjective_mos_0_4,,6804b97c7fb8023c9c25db4bc47eeeba6b0f574fcc7606973f2ad2c42904438e,RGB with three identical channels (grayscale replicated)
ldctiqa,0995,0995.png,data/raw/ldctiqa/LDCTiqa_png/0995.png,,,,CT,,512,512,RGB,3,,,,350/40,raw,2.6,subjective_mos_0_4,,c8cc7b06d72d262cde5c40d3a10a214645ea6510472a2abd75cc5cb68cbd8eab,RGB with three identical channels (grayscale replicated)
ldctiqa,0996,0996.png,data/raw/ldctiqa/LDCTiqa_png/0996.png,,,,CT,,512,512,RGB,3,,,,350/40,raw,2.2,subjective_mos_0_4,,5896240b194a9a95adbccc38d1f0b9bec63bda7637bbcfa56f039b22fd65d282,RGB with three identical channels (grayscale replicated)
ldctiqa,0997,0997.png,data/raw/ldctiqa/LDCTiqa_png/0997.png,,,,CT,,512,512,RGB,3,,,,350/40,raw,3.8,subjective_mos_0_4,,f352ba7dcdd2bb4ea82f823e3b3cf43240bf4eb15b26280d0434cdef0b00fb4c,RGB with three identical channels (grayscale replicated)
ldctiqa,0998,0998.png,data/raw/ldctiqa/LDCTiqa_png/0998.png,,,,CT,,512,512,RGB,3,,,,350/40,raw,1.2,subjective_mos_0_4,,535bf93ba43cdfc1ba84172b870a60c2c3dd7bb2000eb9f0d462b81f9f22d4db,RGB with three identical channels (grayscale replicated)
ldctiqa,0999,0999.png,data/raw/ldctiqa/LDCTiqa_png/0999.png,,,,CT,,512,512,RGB,3,,,,350/40,raw,1.8,subjective_mos_0_4,,637c7da2ec7ffd2ad83519e004ce404cb5a9410046213b644a4163ad497d51f1,RGB with three identical channels (grayscale replicated)
